item_name,rank,title,url,price
Dumpster Rental 10 Yard,1,"Dumpster in a Bag (Holds up to 3,300 lb.​)​",https://www.homedepot.com/p/WM-Bagster-Dumpster-in-a-Bag-Holds-up-to-3-300-lb-775-658/202228840,$
Dumpster Rental 10 Yard,2,"Dumpster in a Bag (Holds up to 3,300 lb.​)​",https://www.homedepot.com/p/WM-Bagster-Dumpster-in-a-Bag-Holds-up-to-3-300-lb-775-658/202228840,$
Dumpster Rental 10 Yard,3,Multipurpose Plastic 40 Yard Dumpster Liner Cover 6.​0 MIL (eq)​ Trash Bags Heavy Duty Tear Resistant HUGE-​75 x 75 x 540,https://www.homedepot.com/p/Aluf-Plastics-Multipurpose-Plastic-40-Yard-Dumpster-Liner-Cover-6-0-MIL-eq-Trash-Bags-Heavy-Duty-Tear-Resistant-HUGE-75-x-75-x-540-40-YARD-9-x-22-x10-BLACK-6M-EQ/341486007,$
Sill Plate 2x4x8,1,2 in.​ x 4 in.​ x 8 ft.​ #2 Premium Grade Dimensional Lumber,https://www.homedepot.com/p/2-in-x-4-in-x-8-ft-2-Premium-Grade-Dimensional-Lumber-441317/202094172,$
Sill Plate 2x4x8,2,2 in.​ x 4 in.​ x 8 ft.​ #2 Premium Grade Dimensional Lumber,https://www.homedepot.com/p/2-in-x-4-in-x-8-ft-2-Premium-Grade-Dimensional-Lumber-441317/202094172,$
Sill Plate 2x4x8,3,2 in.​ x 4 in.​ x 8 ft.​ Brown Stain Ground Contact Pressure-​Treated Lumber WW (Actual:​ 1.​5 in.​ x 3.​5 in.​ x 96 in.​)​,https://www.homedepot.com/p/2-in-x-4-in-x-8-ft-Brown-Stain-Ground-Contact-Pressure-Treated-Lumber-WW-Actual-1-5-in-x-3-5-in-x-96-in-17463-08/206949446,$
Sill Plate 2x6x8,1,2 in.​ x 6 in.​ x 8 ft.​ Pressure-​Treated Lumber Brown Stain Ground Contact WW (Actual:​ 1.​5 in.​ x 5.​5 in.​ x 96 in.​)​,https://www.homedepot.com/p/2-in-x-6-in-x-8-ft-Pressure-Treated-Lumber-Brown-Stain-Ground-Contact-WW-Actual-1-5-in-x-5-5-in-x-96-in-17464-08/206952301,$
Sill Plate 2x6x8,2,2 in.​ x 6 in.​ x 8 ft.​ Pressure-​Treated Lumber Brown Stain Ground Contact WW (Actual:​ 1.​5 in.​ x 5.​5 in.​ x 96 in.​)​,https://www.homedepot.com/p/2-in-x-6-in-x-8-ft-Pressure-Treated-Lumber-Brown-Stain-Ground-Contact-WW-Actual-1-5-in-x-5-5-in-x-96-in-17464-08/206952301,$
Sill Plate 2x6x8,3,2 in.​ x 6 in.​ x 8 ft.​ Primed SPF Trim,https://www.homedepot.com/p/2-in-x-6-in-x-8-ft-Primed-SPF-Trim-769887005125/203147633,$
Framing Stud 2x4x8,1,2 in.​ x 4 in.​ x 96 in.​ Premium Cut Framing Stud,https://www.homedepot.com/p/2-in-x-4-in-x-96-in-Premium-Cut-Framing-Stud-1011139502/328894019,$
Framing Stud 2x4x8,2,2 in.​ x 4 in.​ x 96 in.​ Premium Cut Framing Stud,https://www.homedepot.com/p/2-in-x-4-in-x-96-in-Premium-Cut-Framing-Stud-1011139502/328894019,$
Framing Stud 2x4x8,3,2 in.​ x 4 in.​ x 8 ft.​ #2 Premium Grade Dimensional Lumber,https://www.homedepot.com/p/2-in-x-4-in-x-8-ft-2-Premium-Grade-Dimensional-Lumber-441317/202094172,$
Framing Stud 2x4x92-5/8,1,2 in.​ x 4 in.​ x 96 in.​ Premium Cut Framing Stud,https://www.homedepot.com/p/2-in-x-4-in-x-96-in-Premium-Cut-Framing-Stud-1011139502/328894019,$
Framing Stud 2x4x92-5/8,2,2 in.​ x 4 in.​ x 96 in.​ Premium Cut Framing Stud,https://www.homedepot.com/p/2-in-x-4-in-x-96-in-Premium-Cut-Framing-Stud-1011139502/328894019,$
Framing Stud 2x4x92-5/8,3,ProSTUD 20 3-​5/​8 in.​ x 8 ft.​ 20-​Gauge EQ Galvanized Steel Wall Framing Stud,https://www.homedepot.com/p/ClarkDietrich-ProSTUD-20-3-5-8-in-x-8-ft-20-Gauge-EQ-Galvanized-Steel-Wall-Framing-Stud-362PDS125-19/305981808,$
Dumpster Rental 20 Yard,1,"Dumpster in a Bag (Holds up to 3,300 lb.​)​",https://www.homedepot.com/p/WM-Bagster-Dumpster-in-a-Bag-Holds-up-to-3-300-lb-775-658/202228840,$
Dumpster Rental 20 Yard,2,"Dumpster in a Bag (Holds up to 3,300 lb.​)​",https://www.homedepot.com/p/WM-Bagster-Dumpster-in-a-Bag-Holds-up-to-3-300-lb-775-658/202228840,$
Dumpster Rental 20 Yard,3,"Multipurpose Plastic 30 Yard Dumpster Liner Trash Bags Cover 3.​0 MIL (eq)​ Heavy Duty Tear Resistant HUGE-​65""​x 65""​ x 408""​",https://www.homedepot.com/p/Aluf-Plastics-Multipurpose-Plastic-30-Yard-Dumpster-Liner-Trash-Bags-Cover-3-0-MIL-eq-Heavy-Duty-Tear-Resistant-HUGE-65-x-65-x-408-30YD8x22x8BLK3M/340326756,$
Framing Stud 2x6x8,1,2 in.​ x 6 in.​ x 8 ft.​ #2 Premium Grade Fir Dimensional Lumber,https://www.homedepot.com/p/2-in-x-6-in-x-8-ft-2-Premium-Grade-Fir-Dimensional-Lumber-769887254813/333311570,$
Framing Stud 2x6x8,2,2 in.​ x 6 in.​ x 8 ft.​ #2 Premium Grade Fir Dimensional Lumber,https://www.homedepot.com/p/2-in-x-6-in-x-8-ft-2-Premium-Grade-Fir-Dimensional-Lumber-769887254813/333311570,$
Framing Stud 2x6x8,3,2 in.​ x 6 in.​ x 8 ft.​ 2 and Better S4S Douglas-​Fir Borate Pressure-​Treated Lumber,https://www.homedepot.com/p/2-in-x-6-in-x-8-ft-2-and-Better-S4S-Douglas-Fir-Borate-Pressure-Treated-Lumber-D2254BHD0206/335348966,$
Header Board 2x10x8,1,2 in.​ x 10 in.​ x 8 ft.​ #2 Premium Grade Fir Dimensional Lumber,https://www.homedepot.com/p/2-in-x-10-in-x-8-ft-2-Premium-Grade-Fir-Dimensional-Lumber-915564/206182030,$
Header Board 2x10x8,2,2 in.​ x 10 in.​ x 8 ft.​ #2 Premium Grade Fir Dimensional Lumber,https://www.homedepot.com/p/2-in-x-10-in-x-8-ft-2-Premium-Grade-Fir-Dimensional-Lumber-915564/206182030,$
Header Board 2x10x8,3,2 in.​ x 10 in.​ x 8 ft.​ Pressure-​Treated Lumber Brown Stain Ground Contact WW (Actual:​ 1.​5 in.​ x 9.​25 in.​ x 96 in.​)​,https://www.homedepot.com/p/2-in-x-10-in-x-8-ft-Pressure-Treated-Lumber-Brown-Stain-Ground-Contact-WW-Actual-1-5-in-x-9-25-in-x-96-in-417823/202273855,$
Header Board 2x12x8,1,2 in.​ x 12 in.​ x 8 ft.​ #2 Premium Grade Fir Dimensional Lumber,https://www.homedepot.com/p/2-in-x-12-in-x-8-ft-2-Premium-Grade-Fir-Dimensional-Lumber-707195/202094201,$
Header Board 2x12x8,2,2 in.​ x 12 in.​ x 8 ft.​ #2 Premium Grade Fir Dimensional Lumber,https://www.homedepot.com/p/2-in-x-12-in-x-8-ft-2-Premium-Grade-Fir-Dimensional-Lumber-707195/202094201,$
Header Board 2x12x8,3,1 in.​ x 12 in.​ x 8 ft.​ Primed Pine Finger-​Joint Board,https://www.homedepot.com/p/1-in-x-12-in-x-8-ft-Primed-Pine-Finger-Joint-Board-PFJB1128/203422125,$
Roof Rafter 2x8x16,1,2 in.​ x 8 in.​ x 16 ft.​ #2 Premium Grade Fir Dimensional Lumber,https://www.homedepot.com/p/2-in-x-8-in-x-16-ft-2-Premium-Grade-Fir-Dimensional-Lumber-915556/206182011,$
Roof Rafter 2x8x16,2,2 in.​ x 8 in.​ x 16 ft.​ #2 Premium Grade Fir Dimensional Lumber,https://www.homedepot.com/p/2-in-x-8-in-x-16-ft-2-Premium-Grade-Fir-Dimensional-Lumber-915556/206182011,$
Roof Rafter 2x8x16,3,2 in.​ x 6 in.​ x 16 ft.​ #2 Premium Grade Fir Dimensional Lumber,https://www.homedepot.com/p/2-in-x-6-in-x-16-ft-2-Premium-Grade-Fir-Dimensional-Lumber-2023-16/206019467,$
Dumpster Rental 30 Yard,1,"Dumpster in a Bag (Holds up to 3,300 lb.​)​",https://www.homedepot.com/p/WM-Bagster-Dumpster-in-a-Bag-Holds-up-to-3-300-lb-775-658/202228840,$
Dumpster Rental 30 Yard,2,"Dumpster in a Bag (Holds up to 3,300 lb.​)​",https://www.homedepot.com/p/WM-Bagster-Dumpster-in-a-Bag-Holds-up-to-3-300-lb-775-658/202228840,$
Dumpster Rental 30 Yard,3,"Multipurpose Plastic 30 Yard Dumpster Liner Trash Bags Cover 3.​0 MIL (eq)​ Heavy Duty Tear Resistant HUGE-​65""​x 65""​ x 408""​",https://www.homedepot.com/p/Aluf-Plastics-Multipurpose-Plastic-30-Yard-Dumpster-Liner-Trash-Bags-Cover-3-0-MIL-eq-Heavy-Duty-Tear-Resistant-HUGE-65-x-65-x-408-30YD8x22x8BLK3M/340326756,$
Roof Rafter 2x10x16,1,2 in.​ x 10 in.​ x 16 ft.​ #2 Premium Grade Fir Dimensional Lumber,https://www.homedepot.com/p/2-in-x-10-in-x-16-ft-2-Premium-Grade-Fir-Dimensional-Lumber-603724/206182037,$
Roof Rafter 2x10x16,2,2 in.​ x 10 in.​ x 16 ft.​ #2 Premium Grade Fir Dimensional Lumber,https://www.homedepot.com/p/2-in-x-10-in-x-16-ft-2-Premium-Grade-Fir-Dimensional-Lumber-603724/206182037,$
Roof Rafter 2x10x16,3,2 in.​ x 6 in.​ x 16 ft.​ #2 Premium Grade Fir Dimensional Lumber,https://www.homedepot.com/p/2-in-x-6-in-x-16-ft-2-Premium-Grade-Fir-Dimensional-Lumber-2023-16/206019467,$
Subfloor OSB 3/4 4x8,1,15/​32 in.​ OSB Sheathing (Common:​ 15/​32 in.​ x 4 ft.​ x 8 ft.​; Actual:​ 0.​451 in.​ x 47.​875 in.​ x 95.​875 in.​)​,https://www.homedepot.com/p/15-32-in-OSB-Sheathing-Common-15-32-in-x-4-ft-x-8-ft-Actual-0-451-in-x-47-875-in-x-95-875-in-512977/202084681,$
Subfloor OSB 3/4 4x8,2,15/​32 in.​ OSB Sheathing (Common:​ 15/​32 in.​ x 4 ft.​ x 8 ft.​; Actual:​ 0.​451 in.​ x 47.​875 in.​ x 95.​875 in.​)​,https://www.homedepot.com/p/15-32-in-OSB-Sheathing-Common-15-32-in-x-4-ft-x-8-ft-Actual-0-451-in-x-47-875-in-x-95-875-in-512977/202084681,$
Subfloor OSB 3/4 4x8,3,3/​8 in.​ x 4 ft.​ x 8 ft.​ Oriented Strand Board (Actual 0.​354 in.​ x 47.​938 in.​ x 95.​938 in.​)​,https://www.homedepot.com/p/Blue-Ribbon-3-8-in-x-4-ft-x-8-ft-Oriented-Strand-Board-Actual-0-354-in-x-47-938-in-x-95-938-in-191047/312512905,$
Subfloor Plywood 3/4 4x8,1,23/​32 in.​ T&G OSB Subfloor (Common:​ 23/​32 in.​ x 4 ft.​ x 8 ft.​; Actual:​ 0.​703 in.​ x 47.​875 in.​ x 95.​875 in.​)​,https://www.homedepot.com/p/23-32-in-T-G-OSB-Subfloor-Common-23-32-in-x-4-ft-x-8-ft-Actual-0-703-in-x-47-875-in-x-95-875-in-920924/100054132,$
Subfloor Plywood 3/4 4x8,2,23/​32 in.​ T&G OSB Subfloor (Common:​ 23/​32 in.​ x 4 ft.​ x 8 ft.​; Actual:​ 0.​703 in.​ x 47.​875 in.​ x 95.​875 in.​)​,https://www.homedepot.com/p/23-32-in-T-G-OSB-Subfloor-Common-23-32-in-x-4-ft-x-8-ft-Actual-0-703-in-x-47-875-in-x-95-875-in-920924/100054132,$
Subfloor Plywood 3/4 4x8,3,23/​32 in.​ x 4 ft.​ x 8 ft.​ Fir Sheathing Plywood (Actual:​ 0.​688 in.​ x 48 in.​ x 96 in.​)​,https://www.homedepot.com/p/23-32-in-x-4-ft-x-8-ft-Fir-Sheathing-Plywood-Actual-0-688-in-x-48-in-x-96-in-439614/100034683,$
Roof Decking OSB 7/16 4x8,1,Radiant Barrier 15/​32 Application as 4'​ x 8'​ Roof Sheathing Panel,https://www.homedepot.com/p/Radiant-Barrier-15-32-Application-as-4-x-8-Roof-Sheathing-Panel-31122/202106240,$
Roof Decking OSB 7/16 4x8,2,Radiant Barrier 15/​32 Application as 4'​ x 8'​ Roof Sheathing Panel,https://www.homedepot.com/p/Radiant-Barrier-15-32-Application-as-4-x-8-Roof-Sheathing-Panel-31122/202106240,$
Roof Decking OSB 7/16 4x8,3,7/​16 in.​ x 2 ft.​ x 4 ft.​ Oriented Strand Board Project Panel,https://www.homedepot.com/p/ProWood-7-16-in-x-2-ft-x-4-ft-Oriented-Strand-Board-Project-Panel-15114/203408991,$
Landfill Tipping Fee per Ton,1,"Dumpster in a Bag (Holds up to 3,300 lb.​)​",https://www.homedepot.com/p/WM-Bagster-Dumpster-in-a-Bag-Holds-up-to-3-300-lb-775-658/202228840,$
Landfill Tipping Fee per Ton,2,"Dumpster in a Bag (Holds up to 3,300 lb.​)​",https://www.homedepot.com/p/WM-Bagster-Dumpster-in-a-Bag-Holds-up-to-3-300-lb-775-658/202228840,$
Landfill Tipping Fee per Ton,3,"Badger 500, 1/​2 HP Continuous Feed Kitchen Garbage Disposal, Badger Series",https://www.homedepot.com/p/InSinkErator-Badger-500-1-2-HP-Continuous-Feed-Kitchen-Garbage-Disposal-Badger-Series-BADGER-500/321511605,Limit 3 per order
Roof Decking OSB 1/2 4x8,1,OSB 7/​16 Application as 4ft.​ X 8 ft.​ Sheathing Panel,https://www.homedepot.com/p/OSB-7-16-Application-as-4ft-X-8-ft-Sheathing-Panel-386081/202106230,$
Roof Decking OSB 1/2 4x8,2,OSB 7/​16 Application as 4ft.​ X 8 ft.​ Sheathing Panel,https://www.homedepot.com/p/OSB-7-16-Application-as-4ft-X-8-ft-Sheathing-Panel-386081/202106230,$
Roof Decking OSB 1/2 4x8,3,1/​2 In.​ 4 Ft.​ x 8 Ft.​ Huber Zip OSB Roof Sheathing,https://www.homedepot.com/p/1-2-In-4-Ft-x-8-Ft-Huber-Zip-OSB-Roof-Sheathing-402760/202089189,$
Wall Sheathing OSB 7/16 4x8,1,OSB 7/​16 Application as 4ft.​ X 8 ft.​ Sheathing Panel,https://www.homedepot.com/p/OSB-7-16-Application-as-4ft-X-8-ft-Sheathing-Panel-386081/202106230,$
Wall Sheathing OSB 7/16 4x8,2,OSB 7/​16 Application as 4ft.​ X 8 ft.​ Sheathing Panel,https://www.homedepot.com/p/OSB-7-16-Application-as-4ft-X-8-ft-Sheathing-Panel-386081/202106230,$
Wall Sheathing OSB 7/16 4x8,3,7/​16 in.​ x 4 ft.​ x 8 ft.​ Oriented Strand Board (Wall and Roof)​ Panel,https://www.homedepot.com/p/ForceField-7-16-in-x-4-ft-x-8-ft-Oriented-Strand-Board-Wall-and-Roof-Panel-1366588/316050280,$
Drywall 1/2 4x8,1,1/​2 in.​ x 4 ft.​ x 10 ft.​ USG Sheetrock Brand UltraLight Drywall Panels,https://www.homedepot.com/p/USG-Sheetrock-Brand-1-2-in-x-4-ft-x-10-ft-USG-Sheetrock-Brand-UltraLight-Drywall-Panels-14113411710/202530304,$
Drywall 1/2 4x8,2,1/​2 in.​ x 4 ft.​ x 10 ft.​ USG Sheetrock Brand UltraLight Drywall Panels,https://www.homedepot.com/p/USG-Sheetrock-Brand-1-2-in-x-4-ft-x-10-ft-USG-Sheetrock-Brand-UltraLight-Drywall-Panels-14113411710/202530304,$
Drywall 1/2 4x8,3,1/​2 in.​ x 4 ft.​ x 8 ft.​ USG Sheetrock Brand UltraLight Drywall Panels,https://www.homedepot.com/p/USG-Sheetrock-Brand-1-2-in-x-4-ft-x-8-ft-USG-Sheetrock-Brand-UltraLight-Drywall-Panels-14113411708/202530243,$
Haul Away Labor per Load,1,"Dumpster in a Bag (Holds up to 3,300 lb.​)​",https://www.homedepot.com/p/WM-Bagster-Dumpster-in-a-Bag-Holds-up-to-3-300-lb-775-658/202228840,$
Haul Away Labor per Load,2,"Dumpster in a Bag (Holds up to 3,300 lb.​)​",https://www.homedepot.com/p/WM-Bagster-Dumpster-in-a-Bag-Holds-up-to-3-300-lb-775-658/202228840,$
Haul Away Labor per Load,3,Hotpoint 4.​0 cu.​ft.​ Top Load Washer in White with Cold Plus and Water Level Control,https://www.homedepot.com/p/GE-Hotpoint-4-0-cu-ft-Top-Load-Washer-in-White-with-Cold-Plus-and-Water-Level-Control-HTW265ASWWW/328425422,Limit 6 per order
Drywall 5/8 4x8,1,5/​8 in.​ x 4 ft.​ x 8 ft.​ USG Sheetrock Brand Firecode X Drywall Panels,https://www.homedepot.com/p/USG-Sheetrock-Brand-5-8-in-x-4-ft-x-8-ft-USG-Sheetrock-Brand-Firecode-X-Drywall-Panels-14211011308/100321591,$
Drywall 5/8 4x8,2,5/​8 in.​ x 4 ft.​ x 8 ft.​ USG Sheetrock Brand Firecode X Drywall Panels,https://www.homedepot.com/p/USG-Sheetrock-Brand-5-8-in-x-4-ft-x-8-ft-USG-Sheetrock-Brand-Firecode-X-Drywall-Panels-14211011308/100321591,$
Drywall 5/8 4x8,3,5/​8 in.​ x 4 ft.​ x 8 ft.​ USG Sheetrock Brand Mold Tough Firecode X Drywall Panels,https://www.homedepot.com/p/USG-Sheetrock-Brand-5-8-in-x-4-ft-x-8-ft-USG-Sheetrock-Brand-Mold-Tough-Firecode-X-Drywall-Panels-14313211308/202263275,$
Framing Nails 16d 50lb Box,1,3-​1/​2 in.​ x 8-​Gauge 16-​penny Bright Steel Smooth Shank Common Nails 30 lb.​ Box,https://www.homedepot.com/p/Grip-Rite-3-1-2-in-x-8-Gauge-16-penny-Bright-Steel-Smooth-Shank-Common-Nails-30-lb-Box-16C30BK/100155612,$
Framing Nails 16d 50lb Box,2,3-​1/​2 in.​ x 8-​Gauge 16-​penny Bright Steel Smooth Shank Common Nails 30 lb.​ Box,https://www.homedepot.com/p/Grip-Rite-3-1-2-in-x-8-Gauge-16-penny-Bright-Steel-Smooth-Shank-Common-Nails-30-lb-Box-16C30BK/100155612,$
Framing Nails 16d 50lb Box,3,3-​1/​4 in.​ x 16D Vinyl Coated Sinker Non-​Collated Framing Nails 30 lbs.​ (1700-​Count)​,https://www.homedepot.com/p/Everbilt-3-1-4-in-x-16D-Vinyl-Coated-Sinker-Non-Collated-Framing-Nails-30-lbs-1700-Count-EB0065196/328605343,$
Drywall 1/2 4x12,1,1/​2 in.​ x 4 ft.​ x 12 ft.​ USG Sheetrock Brand UltraLight Drywall Panels,https://www.homedepot.com/p/USG-Sheetrock-Brand-1-2-in-x-4-ft-x-12-ft-USG-Sheetrock-Brand-UltraLight-Drywall-Panels-14113411712/202530306,
Drywall 1/2 4x12,2,1/​2 in.​ x 4 ft.​ x 12 ft.​ USG Sheetrock Brand UltraLight Drywall Panels,https://www.homedepot.com/p/USG-Sheetrock-Brand-1-2-in-x-4-ft-x-12-ft-USG-Sheetrock-Brand-UltraLight-Drywall-Panels-14113411712/202530306,$
Drywall 1/2 4x12,3,1/​2 in.​ x 4 ft.​ x 8 ft.​ USG Sheetrock Brand UltraLight Drywall Panels,https://www.homedepot.com/p/USG-Sheetrock-Brand-1-2-in-x-4-ft-x-8-ft-USG-Sheetrock-Brand-UltraLight-Drywall-Panels-14113411708/202530243,$
Drywall Screws 1-5/8in 5lb Box,1,#8 x 1-​5/​8 in.​ #2 Phillips Bugle Head Coarse Thread Drywall Screws 5 lb.​ Box,https://www.homedepot.com/p/Grip-Rite-8-x-1-5-8-in-2-Phillips-Bugle-Head-Coarse-Thread-Drywall-Screws-5-lb-Box-158CDWS85/305018856,$
Drywall Screws 1-5/8in 5lb Box,2,#8 x 1-​5/​8 in.​ #2 Phillips Bugle Head Coarse Thread Drywall Screws 5 lb.​ Box,https://www.homedepot.com/p/Grip-Rite-8-x-1-5-8-in-2-Phillips-Bugle-Head-Coarse-Thread-Drywall-Screws-5-lb-Box-158CDWS85/305018856,$
Drywall Screws 1-5/8in 5lb Box,3,#6 1-​5/​8 in.​ #2 Phillips Bugle Head Fine Thread Self-​Drilling Drywall Screws 1 lb.​ Box,https://www.homedepot.com/p/Grip-Rite-6-1-5-8-in-2-Phillips-Bugle-Head-Fine-Thread-Self-Drilling-Drywall-Screws-1-lb-Box-158SDDW1/100207095,$
Moisture Resistant Drywall 1/2 4x8,1,1/​2 in.​ x 4 ft.​ x 8 ft.​ USG Sheetrock Brand UltraLight Imperial Gypsum Base,https://www.homedepot.com/p/USG-Sheetrock-Brand-1-2-in-x-4-ft-x-8-ft-USG-Sheetrock-Brand-UltraLight-Imperial-Gypsum-Base-18170511708/205485323,$
Moisture Resistant Drywall 1/2 4x8,2,1/​2 in.​ x 4 ft.​ x 8 ft.​ USG Sheetrock Brand UltraLight Imperial Gypsum Base,https://www.homedepot.com/p/USG-Sheetrock-Brand-1-2-in-x-4-ft-x-8-ft-USG-Sheetrock-Brand-UltraLight-Imperial-Gypsum-Base-18170511708/205485323,$
Moisture Resistant Drywall 1/2 4x8,3,5/​8 in.​ x 4 ft.​ x 8 ft.​ USG Sheetrock Brand Mold Tough Firecode X Drywall Panels,https://www.homedepot.com/p/USG-Sheetrock-Brand-5-8-in-x-4-ft-x-8-ft-USG-Sheetrock-Brand-Mold-Tough-Firecode-X-Drywall-Panels-14313211308/202263275,$
Concrete Mix 60lb bag,1,60 lb.​ Gray Concrete Mix,https://www.homedepot.com/p/SAKRETE-60-lb-Gray-Concrete-Mix-65200940/100321247,$
Concrete Mix 60lb bag,2,60 lb.​ Gray Concrete Mix,https://www.homedepot.com/p/SAKRETE-60-lb-Gray-Concrete-Mix-65200940/100321247,$
Concrete Mix 60lb bag,3,80 lb.​ Gray Concrete Mix,https://www.homedepot.com/p/SAKRETE-80-lb-Gray-Concrete-Mix-65200390/100350291,$
Deck Screws 3in 5lb Box,1,#9 x 3 in.​ #2 Phillips Bugle Head Coarse Thread Sharp Point Coated Exterior Wood Screws 5 lb.​ Box,https://www.homedepot.com/p/Grip-Rite-9-x-3-in-2-Phillips-Bugle-Head-Coarse-Thread-Sharp-Point-Coated-Exterior-Wood-Screws-5-lb-Box-PTN3S5/100200675,$
Deck Screws 3in 5lb Box,2,#9 x 3 in.​ #2 Phillips Bugle Head Coarse Thread Sharp Point Coated Exterior Wood Screws 5 lb.​ Box,https://www.homedepot.com/p/Grip-Rite-9-x-3-in-2-Phillips-Bugle-Head-Coarse-Thread-Sharp-Point-Coated-Exterior-Wood-Screws-5-lb-Box-PTN3S5/100200675,$
Deck Screws 3in 5lb Box,3,#9 x 3 in.​ Tan Star Flat-​Head Wood Deck Screw 5 lbs.​-​Box (365-​Piece)​,https://www.homedepot.com/p/DECKMATE-9-x-3-in-Tan-Star-Flat-Head-Wood-Deck-Screw-5-lbs-Box-365-Piece-115985/306587120,Limit 99 per order
Concrete Mix 80lb bag,1,80 lb.​ Gray Concrete Mix,https://www.homedepot.com/p/SAKRETE-80-lb-Gray-Concrete-Mix-65200390/100350291,$
Concrete Mix 80lb bag,2,80 lb.​ Gray Concrete Mix,https://www.homedepot.com/p/SAKRETE-80-lb-Gray-Concrete-Mix-65200390/100350291,$
Concrete Mix 80lb bag,3,80 lb.​ High Early Strength Concrete Mix,https://www.homedepot.com/p/Quikrete-80-lb-High-Early-Strength-Concrete-Mix-100700/100318486,$
House Wrap 9x100,1,9 ft.​ x 150 ft.​ Woven Housewrap,https://www.homedepot.com/p/Everbilt-9-ft-x-150-ft-Woven-Housewrap-AK709150/203934290,$
House Wrap 9x100,2,9 ft.​ x 150 ft.​ Woven Housewrap,https://www.homedepot.com/p/Everbilt-9-ft-x-150-ft-Woven-Housewrap-AK709150/203934290,$
House Wrap 9x100,3,9 ft.​ x 100 ft.​ Housewrap Roll,https://www.homedepot.com/p/Typar-9-ft-x-100-ft-Housewrap-Roll-3234A-909/203897518,$
Joist Hanger LUS26,1,LUS Galvanized Face-​Mount Joist Hanger for 2x6 Nominal Lumber,https://www.homedepot.com/p/Simpson-Strong-Tie-LUS-Galvanized-Face-Mount-Joist-Hanger-for-2x6-Nominal-Lumber-LUS26/100374889,$
Joist Hanger LUS26,2,LUS Galvanized Face-​Mount Joist Hanger for 2x6 Nominal Lumber,https://www.homedepot.com/p/Simpson-Strong-Tie-LUS-Galvanized-Face-Mount-Joist-Hanger-for-2x6-Nominal-Lumber-LUS26/100374889,$
Joist Hanger LUS26,3,LUS ZMAX Galvanized Face-​Mount Joist Hanger for 2x6 Nominal Lumber,https://www.homedepot.com/p/Simpson-Strong-Tie-LUS-ZMAX-Galvanized-Face-Mount-Joist-Hanger-for-2x6-Nominal-Lumber-LUS26Z/100375105,$
Vinyl Siding Panel,1,Double 4 in.​ x 150 in.​ White Lap Vinyl Siding,https://www.homedepot.com/p/Double-4-in-x-150-in-White-Lap-Vinyl-Siding-PC4004HP/302040034,$
Vinyl Siding Panel,2,Double 4 in.​ x 150 in.​ White Lap Vinyl Siding,https://www.homedepot.com/p/Double-4-in-x-150-in-White-Lap-Vinyl-Siding-PC4004HP/302040034,$
Vinyl Siding Panel,3,LP SmartSide Cedar Texture 8 in.​ OC Panel Engineered Treated Wood Siding 8 in.​ Application as 3/​8 in.​ x 4 ft.​ x 8 ft.​,https://www.homedepot.com/p/LP-SmartSide-LP-SmartSide-Cedar-Texture-8-in-OC-Panel-Engineered-Treated-Wood-Siding-8-in-Application-as-3-8-in-x-4-ft-x-8-ft-27874/100055901,$
Fiber Cement Siding Panel,1,LP SmartSide Cedar Texture 8 in.​ OC Panel Engineered Treated Wood Siding 8 in.​ Application as 3/​8 in.​ x 4 ft.​ x 8 ft.​,https://www.homedepot.com/p/LP-SmartSide-LP-SmartSide-Cedar-Texture-8-in-OC-Panel-Engineered-Treated-Wood-Siding-8-in-Application-as-3-8-in-x-4-ft-x-8-ft-27874/100055901,$
Fiber Cement Siding Panel,2,LP SmartSide Cedar Texture 8 in.​ OC Panel Engineered Treated Wood Siding 8 in.​ Application as 3/​8 in.​ x 4 ft.​ x 8 ft.​,https://www.homedepot.com/p/LP-SmartSide-LP-SmartSide-Cedar-Texture-8-in-OC-Panel-Engineered-Treated-Wood-Siding-8-in-Application-as-3-8-in-x-4-ft-x-8-ft-27874/100055901,$
Fiber Cement Siding Panel,3,Hardie Panel HZ5 48 in.​ x 96 in.​ Primed Cedarmill Fiber Cement Panel Siding,https://www.homedepot.com/p/James-Hardie-Hardie-Panel-HZ5-48-in-x-96-in-Primed-Cedarmill-Fiber-Cement-Panel-Siding-6000525/202085299,$
Post Base ABA44,1,ABA ZMAX Galvanized Adjustable Standoff Post Base for 4x4 Nominal Lumber,https://www.homedepot.com/p/Simpson-Strong-Tie-ABA-ZMAX-Galvanized-Adjustable-Standoff-Post-Base-for-4x4-Nominal-Lumber-ABA44Z/100374999,$
Post Base ABA44,2,ABA ZMAX Galvanized Adjustable Standoff Post Base for 4x4 Nominal Lumber,https://www.homedepot.com/p/Simpson-Strong-Tie-ABA-ZMAX-Galvanized-Adjustable-Standoff-Post-Base-for-4x4-Nominal-Lumber-ABA44Z/100374999,$
Post Base ABA44,3,ABU ZMAX Galvanized Adjustable Standoff Post Base for 4x4 Nominal Lumber,https://www.homedepot.com/p/Simpson-Strong-Tie-ABU-ZMAX-Galvanized-Adjustable-Standoff-Post-Base-for-4x4-Nominal-Lumber-ABU44Z/100375358,$
Architectural Shingles 3-Tab Bundle,1,Royal Sovereign Charcoal Algae Resistant 3-​Tab Roofing Shingles (33.​33 sq.​ ft.​ per.​ Bundle)​ (26-​Pieces)​,https://www.homedepot.com/p/GAF-Royal-Sovereign-Charcoal-Algae-Resistant-3-Tab-Roofing-Shingles-33-33-sq-ft-per-Bundle-26-Pieces-0201180/100040028,
Architectural Shingles 3-Tab Bundle,2,Royal Sovereign Charcoal Algae Resistant 3-​Tab Roofing Shingles (33.​33 sq.​ ft.​ per.​ Bundle)​ (26-​Pieces)​,https://www.homedepot.com/p/GAF-Royal-Sovereign-Charcoal-Algae-Resistant-3-Tab-Roofing-Shingles-33-33-sq-ft-per-Bundle-26-Pieces-0201180/100040028,
Architectural Shingles 3-Tab Bundle,3,Royal Sovereign Weathered Gray Algae Resistant 3-​Tab Roofing Shingles (33.​33 sq.​ ft.​ per.​ Bundle)​ (26-​Pieces)​,https://www.homedepot.com/p/GAF-Royal-Sovereign-Weathered-Gray-Algae-Resistant-3-Tab-Roofing-Shingles-33-33-sq-ft-per-Bundle-26-Pieces-0202880/100046024,
Architectural Shingles 30yr Bundle,1,Timberline Natural Shadow Pewter Gray Algae Resistant Architectural Shingles (33.​3 sq.​ ft.​ per Bundle)​,https://www.homedepot.com/p/GAF-Timberline-Natural-Shadow-Pewter-Gray-Algae-Resistant-Architectural-Shingles-33-3-sq-ft-per-Bundle-0600552/100658151,$
Architectural Shingles 30yr Bundle,2,Timberline Natural Shadow Pewter Gray Algae Resistant Architectural Shingles (33.​3 sq.​ ft.​ per Bundle)​,https://www.homedepot.com/p/GAF-Timberline-Natural-Shadow-Pewter-Gray-Algae-Resistant-Architectural-Shingles-33-3-sq-ft-per-Bundle-0600552/100658151,$
Architectural Shingles 30yr Bundle,3,TruDefinition Duration Estate Gray Algae Resistant Laminate Architectural Roofing Shingles (32.​8 sq.​ ft.​ Per Bundle)​,https://www.homedepot.com/p/Owens-Corning-TruDefinition-Duration-Estate-Gray-Algae-Resistant-Laminate-Architectural-Roofing-Shingles-32-8-sq-ft-Per-Bundle-TD20/205655964,$
Architectural Shingles 50yr Bundle,1,Timberline Natural Shadow Pewter Gray Algae Resistant Architectural Shingles (33.​3 sq.​ ft.​ per Bundle)​,https://www.homedepot.com/p/GAF-Timberline-Natural-Shadow-Pewter-Gray-Algae-Resistant-Architectural-Shingles-33-3-sq-ft-per-Bundle-0600552/100658151,$
Architectural Shingles 50yr Bundle,2,Timberline Natural Shadow Pewter Gray Algae Resistant Architectural Shingles (33.​3 sq.​ ft.​ per Bundle)​,https://www.homedepot.com/p/GAF-Timberline-Natural-Shadow-Pewter-Gray-Algae-Resistant-Architectural-Shingles-33-3-sq-ft-per-Bundle-0600552/100658151,$
Architectural Shingles 50yr Bundle,3,TruDefinition Duration Estate Gray Algae Resistant Laminate Architectural Roofing Shingles (32.​8 sq.​ ft.​ Per Bundle)​,https://www.homedepot.com/p/Owens-Corning-TruDefinition-Duration-Estate-Gray-Algae-Resistant-Laminate-Architectural-Roofing-Shingles-32-8-sq-ft-Per-Bundle-TD20/205655964,$
Hurricane Tie H2.5A,1,H2.​5A 18-​Gauge Galvanized Hurricane Tie,https://www.homedepot.com/p/Simpson-Strong-Tie-H2-5A-18-Gauge-Galvanized-Hurricane-Tie-H2-5A/203302239,58
Hurricane Tie H2.5A,2,H2.​5A 18-​Gauge Galvanized Hurricane Tie,https://www.homedepot.com/p/Simpson-Strong-Tie-H2-5A-18-Gauge-Galvanized-Hurricane-Tie-H2-5A/203302239,58
Hurricane Tie H2.5A,3,H2.​5A 18-​Gauge Stainless-​Steel Hurricane Tie,https://www.homedepot.com/p/Simpson-Strong-Tie-H2-5A-18-Gauge-Stainless-Steel-Hurricane-Tie-H2-5ASS/203079171,$
Roofing Felt 15lb 4sq Roll,1,Shingle-​Mate 432 sq.​ ft.​ Fiberglass-​Reinforced Roofing Underlayment Roll,https://www.homedepot.com/p/GAF-Shingle-Mate-432-sq-ft-Fiberglass-Reinforced-Roofing-Underlayment-Roll-0902000/100082965,$
Roofing Felt 15lb 4sq Roll,2,Shingle-​Mate 432 sq.​ ft.​ Fiberglass-​Reinforced Roofing Underlayment Roll,https://www.homedepot.com/p/GAF-Shingle-Mate-432-sq-ft-Fiberglass-Reinforced-Roofing-Underlayment-Roll-0902000/100082965,$
Roofing Felt 15lb 4sq Roll,3,FeltBuster 1000 sq.​ ft.​ Synthetic Roofing Underlayment Roll,https://www.homedepot.com/p/GAF-FeltBuster-1000-sq-ft-Synthetic-Roofing-Underlayment-Roll-0973/205035868,$
Synthetic Roofing Underlayment Roll,1,FeltBuster 1000 sq.​ ft.​ Synthetic Roofing Underlayment Roll,https://www.homedepot.com/p/GAF-FeltBuster-1000-sq-ft-Synthetic-Roofing-Underlayment-Roll-0973/205035868,$
Synthetic Roofing Underlayment Roll,2,FeltBuster 1000 sq.​ ft.​ Synthetic Roofing Underlayment Roll,https://www.homedepot.com/p/GAF-FeltBuster-1000-sq-ft-Synthetic-Roofing-Underlayment-Roll-0973/205035868,$
Synthetic Roofing Underlayment Roll,3,StormGuard 200 sq.​ ft.​ Synthetic Patterned-​Surface Peel and Stick Roof Leak Barrier Roll,https://www.homedepot.com/p/GAF-StormGuard-200-sq-ft-Synthetic-Patterned-Surface-Peel-and-Stick-Roof-Leak-Barrier-Roll-0915000/100083515,$
Romex 14-2 Wire 250ft Roll,1,250 ft.​ 14/​2/​2 Solid Romex SIMpull CU NM-​B W/​G Wire,https://www.homedepot.com/p/Southwire-250-ft-14-2-2-Solid-Romex-SIMpull-CU-NM-B-W-G-Wire-55048255/203641719,$
Romex 14-2 Wire 250ft Roll,2,250 ft.​ 14/​2/​2 Solid Romex SIMpull CU NM-​B W/​G Wire,https://www.homedepot.com/p/Southwire-250-ft-14-2-2-Solid-Romex-SIMpull-CU-NM-B-W-G-Wire-55048255/203641719,$
Romex 14-2 Wire 250ft Roll,3,250 ft.​ 14/​2 Gray Solid CU UF-​B W/​G Wire,https://www.homedepot.com/p/Southwire-250-ft-14-2-Gray-Solid-CU-UF-B-W-G-Wire-13054255/202316280,$
Single Hung Window 24x36,1,24 in.​ x 36 in.​ White Single-​Pane Vinyl Single Hung Utility/​Shed Window with Screen,https://www.homedepot.com/p/TAFCO-WINDOWS-24-in-x-36-in-White-Single-Pane-Vinyl-Single-Hung-Utility-Shed-Window-with-Screen-VSH2436B/203950943,$
Single Hung Window 24x36,2,24 in.​ x 36 in.​ White Single-​Pane Vinyl Single Hung Utility/​Shed Window with Screen,https://www.homedepot.com/p/TAFCO-WINDOWS-24-in-x-36-in-White-Single-Pane-Vinyl-Single-Hung-Utility-Shed-Window-with-Screen-VSH2436B/203950943,$
Single Hung Window 24x36,3,24 in.​ x 36 in.​ White Double-​Pane Insulated Glass Vinyl Single Hung Window with Screen,https://www.homedepot.com/p/TAFCO-WINDOWS-24-in-x-36-in-White-Double-Pane-Insulated-Glass-Vinyl-Single-Hung-Window-with-Screen-VSHI2436B/202207815,$
Single Hung Window 36x48,1,36 in.​ x 48 in.​ White Double-​Pane Insulated Glass Vinyl Single Hung Window with Grids and Screen,https://www.homedepot.com/p/TAFCO-WINDOWS-36-in-x-48-in-White-Double-Pane-Insulated-Glass-Vinyl-Single-Hung-Window-with-Grids-and-Screen-VSHI3648GB/206523734,$
Single Hung Window 36x48,2,36 in.​ x 48 in.​ White Double-​Pane Insulated Glass Vinyl Single Hung Window with Grids and Screen,https://www.homedepot.com/p/TAFCO-WINDOWS-36-in-x-48-in-White-Double-Pane-Insulated-Glass-Vinyl-Single-Hung-Window-with-Grids-and-Screen-VSHI3648GB/206523734,$
Single Hung Window 36x48,3,36 in.​ x 48 in.​ V-​4500 Series White Single-​Hung Vinyl Window with Fiberglass Mesh Screen,https://www.homedepot.com/p/JELD-WEN-36-in-x-48-in-V-4500-Series-White-Single-Hung-Vinyl-Window-with-Fiberglass-Mesh-Screen-THDJW143900816/304848876,$
Double Pane Low-E Window 36x48,1,"29.​75 in.​ x 48.​75 in.​ 70 Series White Double Hung Low-​E Argon Glass Vinyl Fin with J Window, Screen Incl",https://www.homedepot.com/p/American-Craftsman-29-75-in-x-48-75-in-70-Series-White-Double-Hung-Low-E-Argon-Glass-Vinyl-Fin-with-J-Window-Screen-Incl-24310730/203157323,$
Double Pane Low-E Window 36x48,2,"29.​75 in.​ x 48.​75 in.​ 70 Series White Double Hung Low-​E Argon Glass Vinyl Fin with J Window, Screen Incl",https://www.homedepot.com/p/American-Craftsman-29-75-in-x-48-75-in-70-Series-White-Double-Hung-Low-E-Argon-Glass-Vinyl-Fin-with-J-Window-Screen-Incl-24310730/203157323,$
Double Pane Low-E Window 36x48,3,"35.​75 in.​ x 37.​25 in.​ 70 Pro Series White Double Hung Low-​E Argon Glass Vinyl Replacement Window, Screen Incl",https://www.homedepot.com/p/American-Craftsman-35-75-in-x-37-25-in-70-Pro-Series-White-Double-Hung-Low-E-Argon-Glass-Vinyl-Replacement-Window-Screen-Incl-3638786/204814579,$
Exterior Door Pre-hung 32x80,1,32 in.​x 80 in.​ Craftsman 2-​Panel Right-​Hand/​Inswing 3 Lite Low-​E Glass Primed Fiberglass Prehung Front Door w/​Brickmould,https://www.homedepot.com/p/JELD-WEN-32-in-x-80-in-Craftsman-2-Panel-Right-Hand-Inswing-3-Lite-Low-E-Glass-Primed-Fiberglass-Prehung-Front-Door-w-Brickmould-JW255700002/337787509,$
Exterior Door Pre-hung 32x80,2,32 in.​x 80 in.​ Craftsman 2-​Panel Right-​Hand/​Inswing 3 Lite Low-​E Glass Primed Fiberglass Prehung Front Door w/​Brickmould,https://www.homedepot.com/p/JELD-WEN-32-in-x-80-in-Craftsman-2-Panel-Right-Hand-Inswing-3-Lite-Low-E-Glass-Primed-Fiberglass-Prehung-Front-Door-w-Brickmould-JW255700002/337787509,$
Exterior Door Pre-hung 32x80,3,Premium 9 Lite Primed Steel Prehung Front Door with Brickmold,https://www.homedepot.com/p/Masonite-32-in-x-80-in-Left-Hand-Inswing-9-Lite-Clear-Glass-Primed-Premium-Steel-Prehung-Front-Door-with-Brickmold-28355/100014207,$
Exterior Door Pre-hung 36x80,1,"36 in.​ x 80 in.​ 6-​Panel Primed Right-​Hand/​Inswing Steel Prehung Front Door w/​Brickmould, Double Bore, 4-​9/​16 in.​ Jamb",https://www.homedepot.com/p/JELD-WEN-36-in-x-80-in-6-Panel-Primed-Right-Hand-Inswing-Steel-Prehung-Front-Door-w-Brickmould-Double-Bore-4-9-16-in-Jamb-THDJW166100278/202036444,$
Exterior Door Pre-hung 36x80,2,"36 in.​ x 80 in.​ 6-​Panel Primed Right-​Hand/​Inswing Steel Prehung Front Door w/​Brickmould, Double Bore, 4-​9/​16 in.​ Jamb",https://www.homedepot.com/p/JELD-WEN-36-in-x-80-in-6-Panel-Primed-Right-Hand-Inswing-Steel-Prehung-Front-Door-w-Brickmould-Double-Bore-4-9-16-in-Jamb-THDJW166100278/202036444,$
Exterior Door Pre-hung 36x80,3,Premium 6-​Panel Primed Steel Prehung Front Door with Brickmold,https://www.homedepot.com/p/Masonite-36-in-x-80-in-Premium-6-Panel-Right-Hand-Inswing-Primed-Steel-Prehung-Front-Exterior-Door-with-Brickmold-27105/100053184,$
Exterior Door Fiberglass 36x80,1,36 in.​ x 80 in.​ 6 Lite Clear Craftsman Unfinished Smooth Left-​Hand Inswing Fiberglass Prehung Front Door,https://www.homedepot.com/p/Feather-River-Doors-36-in-x-80-in-6-Lite-Clear-Craftsman-Unfinished-Smooth-Left-Hand-Inswing-Fiberglass-Prehung-Front-Door-GK3190/204487446,$
Exterior Door Fiberglass 36x80,2,36 in.​ x 80 in.​ 6 Lite Clear Craftsman Unfinished Smooth Left-​Hand Inswing Fiberglass Prehung Front Door,https://www.homedepot.com/p/Feather-River-Doors-36-in-x-80-in-6-Lite-Clear-Craftsman-Unfinished-Smooth-Left-Hand-Inswing-Fiberglass-Prehung-Front-Door-GK3190/204487446,$
Exterior Door Fiberglass 36x80,3,6-​Panel Primed Fiberglass Front Door Slab,https://www.homedepot.com/p/Masonite-36-in-x-80-in-6-Panel-Universal-Reversible-Primed-Fiberglass-Front-Exterior-Door-Slab-41703/205545952,$
Batt Insulation R-13 15x93,1,R-​13 Kraft Faced Fiberglass Insulation Fiberglass Insulation Batt 15 in.​ x 93 in.​ (10-​Bags)​,https://www.homedepot.com/p/Owens-Corning-R-13-Kraft-Faced-Fiberglass-Insulation-Fiberglass-Insulation-Batt-15-in-x-93-in-10-Bags-BF10/205470785,$
Batt Insulation R-13 15x93,2,R-​13 Kraft Faced Fiberglass Insulation Fiberglass Insulation Batt 15 in.​ x 93 in.​ (10-​Bags)​,https://www.homedepot.com/p/Owens-Corning-R-13-Kraft-Faced-Fiberglass-Insulation-Fiberglass-Insulation-Batt-15-in-x-93-in-10-Bags-BF10/205470785,$
Batt Insulation R-13 15x93,3,R13 Kraft Faced 15 in.​ x 93 in.​ Precut Fiberglass Insulation Batts for 2x4 Wall -​ Sound-​Reducing and USA Made (1-​Bag)​,https://www.homedepot.com/p/Knauf-Insulation-R13-Kraft-Faced-15-in-x-93-in-Precut-Fiberglass-Insulation-Batts-for-2x4-Wall-Sound-Reducing-and-USA-Made-1-Bag-505912-817235/303648160,$
Batt Insulation R-15 15x93,1,R15 Kraft Faced 15 in.​ x 93 in.​ Precut Fiberglass Insulation Batts for 2x4 Wall -​ Sound-​Reducing and USA Made (1-​Bag)​,https://www.homedepot.com/p/Knauf-Insulation-R15-Kraft-Faced-15-in-x-93-in-Precut-Fiberglass-Insulation-Batts-for-2x4-Wall-Sound-Reducing-and-USA-Made-1-Bag-468051-817236/303657419,$
Batt Insulation R-15 15x93,2,R15 Kraft Faced 15 in.​ x 93 in.​ Precut Fiberglass Insulation Batts for 2x4 Wall -​ Sound-​Reducing and USA Made (1-​Bag)​,https://www.homedepot.com/p/Knauf-Insulation-R15-Kraft-Faced-15-in-x-93-in-Precut-Fiberglass-Insulation-Batts-for-2x4-Wall-Sound-Reducing-and-USA-Made-1-Bag-468051-817236/303657419,$
Batt Insulation R-15 15x93,3,R-​15 Kraft Faced Fiberglass Insulation Batt 23 in.​ x 93 in.​ (8-​Bags)​,https://www.homedepot.com/p/Owens-Corning-R-15-Kraft-Faced-Fiberglass-Insulation-Batt-23-in-x-93-in-8-Bags-K76/205469657,$
Batt Insulation R-19 23x93,1,"R19 Kraft Faced 23 in.​ x 94 in.​ Precut Fiberglass Insulation Batts for Floor, 2x6 Wall -​ Sound-​Reducing USA Made (1-​Bag)​",https://www.homedepot.com/p/Knauf-Insulation-R19-Kraft-Faced-23-in-x-94-in-Precut-Fiberglass-Insulation-Batts-for-Floor-2x6-Wall-Sound-Reducing-USA-Made-1-Bag-5001472-814623/303653803,$
Batt Insulation R-19 23x93,2,"R19 Kraft Faced 23 in.​ x 94 in.​ Precut Fiberglass Insulation Batts for Floor, 2x6 Wall -​ Sound-​Reducing USA Made (1-​Bag)​",https://www.homedepot.com/p/Knauf-Insulation-R19-Kraft-Faced-23-in-x-94-in-Precut-Fiberglass-Insulation-Batts-for-Floor-2x6-Wall-Sound-Reducing-USA-Made-1-Bag-5001472-814623/303653803,$
Batt Insulation R-19 23x93,3,R19 Kraft Faced 23 in.​ x 94 in.​ Precut Fiberglass Insulation Batts for Floor 2x6 Wall -​ Sound-​Reducing USA Made (8-​Bags)​,https://www.homedepot.com/p/Knauf-Insulation-R19-Kraft-Faced-23-in-x-94-in-Precut-Fiberglass-Insulation-Batts-for-Floor-2x6-Wall-Sound-Reducing-USA-Made-8-Bags-690983/313646740,$
Batt Insulation R-30 16x48,1,R-​30 Kraft Faced Fiberglass Insulation Batt 16 in.​ W x 48 in.​ L,https://www.homedepot.com/p/Johns-Manville-R-30-Kraft-Faced-Fiberglass-Insulation-Batt-16-in-W-x-48-in-L-K1242/206116298,Limit 30 per order
Batt Insulation R-30 16x48,2,R-​30 Kraft Faced Fiberglass Insulation Batt 16 in.​ W x 48 in.​ L,https://www.homedepot.com/p/Johns-Manville-R-30-Kraft-Faced-Fiberglass-Insulation-Batt-16-in-W-x-48-in-L-K1242/206116298,Limit 30 per order
Batt Insulation R-30 16x48,3,"R30 Kraft Faced 16 in.​ x 48 in.​ Precut Fiberglass Insulation Batts for Floor, Attic -​ Sound-​Reducing, USA Made (1-​Bag)​",https://www.homedepot.com/p/Knauf-Insulation-R30-Kraft-Faced-16-in-x-48-in-Precut-Fiberglass-Insulation-Batts-for-Floor-Attic-Sound-Reducing-USA-Made-1-Bag-5001485-814627/303653990,$
Single Gang Old Work Box,1,1-​Gang 20 cu.​ in.​ Electrical PVC Old Work Electrical Switch and Outlet Box (B120R)​,https://www.homedepot.com/p/Carlon-1-Gang-20-cu-in-Electrical-PVC-Old-Work-Electrical-Switch-and-Outlet-Box-B120R-B120R/202077323,$
Single Gang Old Work Box,2,1-​Gang 20 cu.​ in.​ Electrical PVC Old Work Electrical Switch and Outlet Box (B120R)​,https://www.homedepot.com/p/Carlon-1-Gang-20-cu-in-Electrical-PVC-Old-Work-Electrical-Switch-and-Outlet-Box-B120R-B120R/202077323,$
Single Gang Old Work Box,3,1-​Gang 14 cu.​ in.​ Electrical PVC Old Work Electrical Switch and Outlet Box (B114RB)​,https://www.homedepot.com/p/Carlon-1-Gang-14-cu-in-Electrical-PVC-Old-Work-Electrical-Switch-and-Outlet-Box-B114RB-B114RB/100404027,$
Single Gang New Work Box,1,Electrical PVC 1-​Gang 20 cu.​ in.​ New Work Electrical Outlet Box (B120A-​UPC)​,https://www.homedepot.com/p/Carlon-Electrical-PVC-1-Gang-20-cu-in-New-Work-Electrical-Outlet-Box-B120A-UPC-B120A-UPC/205319652,96
Single Gang New Work Box,2,Electrical PVC 1-​Gang 20 cu.​ in.​ New Work Electrical Outlet Box (B120A-​UPC)​,https://www.homedepot.com/p/Carlon-Electrical-PVC-1-Gang-20-cu-in-New-Work-Electrical-Outlet-Box-B120A-UPC-B120A-UPC/205319652,96
Single Gang New Work Box,3,1-​Gang 18 cu.​ in.​ Blue Electrical PVC New Work Electrical Switch and Outlet Box (B118A)​ (100-​Pack)​,https://www.homedepot.com/p/Carlon-1-Gang-18-cu-in-Blue-Electrical-PVC-New-Work-Electrical-Switch-and-Outlet-Box-B118A-100-Pack-B118A/321816133,$
Batt Insulation R-38 16x48,1,R-​38 Kraft Faced Fiberglass Insulation Batt 16 in.​ W x 48 in.​ L,https://www.homedepot.com/p/Johns-Manville-R-38-Kraft-Faced-Fiberglass-Insulation-Batt-16-in-W-x-48-in-L-K1244/100317861,Limit 30 per order
Batt Insulation R-38 16x48,2,R-​38 Kraft Faced Fiberglass Insulation Batt 16 in.​ W x 48 in.​ L,https://www.homedepot.com/p/Johns-Manville-R-38-Kraft-Faced-Fiberglass-Insulation-Batt-16-in-W-x-48-in-L-K1244/100317861,Limit 30 per order
Batt Insulation R-38 16x48,3,R-​38 Unfaced Fiberglass Insulation Batt 16 in.​ x 48 in.​,https://www.homedepot.com/p/Owens-Corning-R-38-Unfaced-Fiberglass-Insulation-Batt-16-in-x-48-in-W64/202264858,$
Outlet Duplex 15A,1,"15 Amp 125 V Duplex Outlet/​Receptacle, White (10-​Pack)​ 5320-​WMP",https://www.homedepot.com/p/Leviton-15-Amp-125-V-Duplex-Outlet-Receptacle-White-10-Pack-5320-WMP-M24-05320-WMP/100055784,$
Outlet Duplex 15A,2,"15 Amp 125 V Duplex Outlet/​Receptacle, White (10-​Pack)​ 5320-​WMP",https://www.homedepot.com/p/Leviton-15-Amp-125-V-Duplex-Outlet-Receptacle-White-10-Pack-5320-WMP-M24-05320-WMP/100055784,$
Outlet Duplex 15A,3,"15 Amp 125-​Volt Duplex SmarTest Self-​Test SmartlockPro Tamper Resistant GFCI Outlet, White GFTR1-​KW",https://www.homedepot.com/p/Leviton-15-Amp-125-Volt-Duplex-SmarTest-Self-Test-SmartlockPro-Tamper-Resistant-GFCI-Outlet-White-GFTR1-KW-R92-GFTR1-0KW/205996763,$
Outlet GFCI 15A,1,"15 Amp Self-​Test SmartlockPro Slim Duplex GFCI Outlet, White GFNT1-​KW",https://www.homedepot.com/p/Leviton-15-Amp-Self-Test-SmartlockPro-Slim-Duplex-GFCI-Outlet-White-GFNT1-KW-R12-GFNT1-0KW/206001533,$
Outlet GFCI 15A,2,"15 Amp Self-​Test SmartlockPro Slim Duplex GFCI Outlet, White GFNT1-​KW",https://www.homedepot.com/p/Leviton-15-Amp-Self-Test-SmartlockPro-Slim-Duplex-GFCI-Outlet-White-GFNT1-KW-R12-GFNT1-0KW/206001533,$
Outlet GFCI 15A,3,"15 Amp 125-​Volt Duplex SmarTest Self-​Test SmartlockPro Tamper Resistant GFCI Outlet, White GFTR1-​KW",https://www.homedepot.com/p/Leviton-15-Amp-125-Volt-Duplex-SmarTest-Self-Test-SmartlockPro-Tamper-Resistant-GFCI-Outlet-White-GFTR1-KW-R92-GFTR1-0KW/205996763,$
Rigid Foam Insulation 4x8 1in,1,630 Insulation and Sealant Spray Foam System,https://www.homedepot.com/p/FROTH-PAK-630-Insulation-and-Sealant-Spray-Foam-System-12115890/334665238,$
Rigid Foam Insulation 4x8 1in,2,630 Insulation and Sealant Spray Foam System,https://www.homedepot.com/p/FROTH-PAK-630-Insulation-and-Sealant-Spray-Foam-System-12115890/334665238,$
Rigid Foam Insulation 4x8 1in,3,1 1/​2 in x 48 in.​ x 8 ft.​ R-​5.​78 EPS Rigid Foam Board Insulation,https://www.homedepot.com/p/Henry-1-1-2-in-x-48-in-x-8-ft-R-5-78-EPS-Rigid-Foam-Board-Insulation-320817/202532855,$
Outlet GFCI 20A,1,"20 Amp Self-​Test SmartlockPro Slim Duplex GFCI Outlet, White",https://www.homedepot.com/p/Leviton-20-Amp-Self-Test-SmartlockPro-Slim-Duplex-GFCI-Outlet-White-R12-GFNT2-0RW/205996739,$
Outlet GFCI 20A,2,"20 Amp Self-​Test SmartlockPro Slim Duplex GFCI Outlet, White",https://www.homedepot.com/p/Leviton-20-Amp-Self-Test-SmartlockPro-Slim-Duplex-GFCI-Outlet-White-R12-GFNT2-0RW/205996739,$
Outlet GFCI 20A,3,"20 Amp Self-​Test GFCI Outlet Receptacle with Light Switch, Decorative Wallplate Included",https://www.homedepot.com/p/DEWENWILS-20-Amp-Self-Test-GFCI-Outlet-Receptacle-with-Light-Switch-Decorative-Wallplate-Included-HGFS20A/334708563,$
Rigid Foam Insulation 4x8 2in,1,FOAMULAR NGX F-​250 2 in.​ x 4 ft.​ x 8 ft.​ SSE R-​10 XPS Rigid Foam Board Insulation,https://www.homedepot.com/p/Owens-Corning-FOAMULAR-NGX-F-250-2-in-x-4-ft-x-8-ft-SSE-R-10-XPS-Rigid-Foam-Board-Insulation-52DDNGX/315197962,$
Rigid Foam Insulation 4x8 2in,2,FOAMULAR NGX F-​250 2 in.​ x 4 ft.​ x 8 ft.​ SSE R-​10 XPS Rigid Foam Board Insulation,https://www.homedepot.com/p/Owens-Corning-FOAMULAR-NGX-F-250-2-in-x-4-ft-x-8-ft-SSE-R-10-XPS-Rigid-Foam-Board-Insulation-52DDNGX/315197962,$
Rigid Foam Insulation 4x8 2in,3,"Pro Select R-​Matte Plus-​3, 2 in.​ x 4 ft.​ x 8 ft.​ R-​13.​1 Foam Insulation Board",https://www.homedepot.com/p/RMAX-Pro-Select-R-Matte-Plus-3-2-in-x-4-ft-x-8-ft-R-13-1-Foam-Insulation-Board-637898/313501510,$
Switch Single Pole,1,"15 Amp Single-​Pole Switch, White (10-​Pack)​ 1451-​2WM",https://www.homedepot.com/p/Leviton-15-Amp-Single-Pole-Switch-White-10-Pack-1451-2WM-M24-01451-2WM/100075329,$
Switch Single Pole,2,"15 Amp Single-​Pole Switch, White (10-​Pack)​ 1451-​2WM",https://www.homedepot.com/p/Leviton-15-Amp-Single-Pole-Switch-White-10-Pack-1451-2WM-M24-01451-2WM/100075329,$
Switch Single Pole,3,"Decora Lever Edge Easy Install 15 Amp 120/​277-​Volt Single Pole Switch, White (1-​Pack)​ E5601-​SW",https://www.homedepot.com/p/Leviton-Decora-Lever-Edge-Easy-Install-15-Amp-120-277-Volt-Single-Pole-Switch-White-1-Pack-E5601-SW-R02-E5601-0SW/322083348,$
Joint Compound 4.5gal Bucket,1,4 Gal.​ All-​Purpose Pre-​Mixed Joint Compound,https://www.homedepot.com/p/Westpac-Materials-4-Gal-All-Purpose-Pre-Mixed-Joint-Compound-18720H/100320409,$
Joint Compound 4.5gal Bucket,2,4 Gal.​ All-​Purpose Pre-​Mixed Joint Compound,https://www.homedepot.com/p/Westpac-Materials-4-Gal-All-Purpose-Pre-Mixed-Joint-Compound-18720H/100320409,$
Joint Compound 4.5gal Bucket,3,3.​5 Gal.​ Red Dot All-​Purpose Pre-​Mixed Joint Compound,https://www.homedepot.com/p/Westpac-Materials-3-5-Gal-Red-Dot-All-Purpose-Pre-Mixed-Joint-Compound-18040H/100320402,$
Switch 3-Way,1,"Decora 15 Amp 3-​Way Switch, White 5603-​2WS",https://www.homedepot.com/p/Leviton-Decora-15-Amp-3-Way-Switch-White-5603-2WS-R62-05603-2WS/100078412,$
Switch 3-Way,2,"Decora 15 Amp 3-​Way Switch, White 5603-​2WS",https://www.homedepot.com/p/Leviton-Decora-15-Amp-3-Way-Switch-White-5603-2WS-R62-05603-2WS/100078412,$
Switch 3-Way,3,"Decora In-​Wall Motion Sensor Light Switch, Motion Activated, Auto-​On/​Auto-​Off, 5-​Amp, Single Pole or 3-​Way, White",https://www.homedepot.com/p/Leviton-Decora-In-Wall-Motion-Sensor-Light-Switch-Motion-Activated-Auto-On-Auto-Off-5-Amp-Single-Pole-or-3-Way-White-DOS05-1LZ/317168142,$
Lightweight Joint Compound 4.5gal,1,DryDex 32 oz.​ Premium Lightweight Low Dust Joint Compound,https://www.homedepot.com/p/DAP-DryDex-32-oz-Premium-Lightweight-Low-Dust-Joint-Compound-12385/302976074,$
Lightweight Joint Compound 4.5gal,2,DryDex 32 oz.​ Premium Lightweight Low Dust Joint Compound,https://www.homedepot.com/p/DAP-DryDex-32-oz-Premium-Lightweight-Low-Dust-Joint-Compound-12385/302976074,$
Lightweight Joint Compound 4.5gal,3,3.​5 Gal.​ (30.​5 lb.​)​ Super Lite All-​Purpose Premixed Joint Compound,https://www.homedepot.com/p/Hamilton-Drywall-Products-3-5-Gal-30-5-lb-Super-Lite-All-Purpose-Premixed-Joint-Compound-18080H/203951303,$
Breaker Single Pole 15A,1,15 Amp Single-​Pole Type QP Circuit Breaker,https://www.homedepot.com/p/Siemens-15-Amp-Single-Pole-Type-QP-Circuit-Breaker-Q115U/100053443,$
Breaker Single Pole 15A,2,15 Amp Single-​Pole Type QP Circuit Breaker,https://www.homedepot.com/p/Siemens-15-Amp-Single-Pole-Type-QP-Circuit-Breaker-Q115U/100053443,$
Breaker Single Pole 15A,3,Q-​Line 15 Amp 1 Single-​Pole Circuit Breaker,https://www.homedepot.com/p/GE-Q-Line-15-Amp-1-Single-Pole-Circuit-Breaker-THQL1115/100356507,$
Paper Drywall Tape 500ft Roll,1,2-​1/​16 in.​ x 500 ft.​ Paper Drywall Joint Tape,https://www.homedepot.com/p/USG-Sheetrock-Brand-2-1-16-in-x-500-ft-Paper-Drywall-Joint-Tape-382199010/100392701,$
Paper Drywall Tape 500ft Roll,2,2-​1/​16 in.​ x 500 ft.​ Paper Drywall Joint Tape,https://www.homedepot.com/p/USG-Sheetrock-Brand-2-1-16-in-x-500-ft-Paper-Drywall-Joint-Tape-382199010/100392701,$
Paper Drywall Tape 500ft Roll,3,FibaTape Standard Yellow 1-​7/​8 in.​ x 500 ft.​ Self-​Adhesive Mesh Drywall Joint Tape,https://www.homedepot.com/p/Saint-Gobain-ADFORS-FibaTape-Standard-Yellow-1-7-8-in-x-500-ft-Self-Adhesive-Mesh-Drywall-Joint-Tape-FDW8661-U/100295796,$
Breaker Single Pole 20A,1,20 Amp Single-​Pole Type QP Circuit Breaker,https://www.homedepot.com/p/Siemens-20-Amp-Single-Pole-Type-QP-Circuit-Breaker-Q120U/100044919,$
Breaker Single Pole 20A,2,20 Amp Single-​Pole Type QP Circuit Breaker,https://www.homedepot.com/p/Siemens-20-Amp-Single-Pole-Type-QP-Circuit-Breaker-Q120U/100044919,$
Breaker Single Pole 20A,3,20 Amp 1 in.​ Single Pole Circuit Breaker (THQL1120A)​,https://www.homedepot.com/p/ABB-20-Amp-1-in-Single-Pole-Circuit-Breaker-THQL1120A-THQL1120A/331335121,$
Mesh Drywall Tape 300ft Roll,1,2 in.​ x 295 ft.​ Self-​Adhesive Fiberglass Mesh Drywall Joint Tape,https://www.homedepot.com/p/Wellco-2-in-x-295-ft-Self-Adhesive-Fiberglass-Mesh-Drywall-Joint-Tape-FMSA59009/325833246,Limit 999 per order
Mesh Drywall Tape 300ft Roll,2,2 in.​ x 295 ft.​ Self-​Adhesive Fiberglass Mesh Drywall Joint Tape,https://www.homedepot.com/p/Wellco-2-in-x-295-ft-Self-Adhesive-Fiberglass-Mesh-Drywall-Joint-Tape-FMSA59009/325833246,Limit 999 per order
Mesh Drywall Tape 300ft Roll,3,FibaTape Veneer Plaster 2-​3/​8 in.​ x 300 ft.​ Self-​Adhesive Mesh Drywall Joint Tape,https://www.homedepot.com/p/Saint-Gobain-ADFORS-FibaTape-Veneer-Plaster-2-3-8-in-x-300-ft-Self-Adhesive-Mesh-Drywall-Joint-Tape-FDW8653-U/100243295,$
Breaker Double Pole 30A,1,Homeline 30-​Amp 2-​Pole Circuit Breaker (HOM230CP)​,https://www.homedepot.com/p/Square-D-Homeline-30-Amp-2-Pole-Circuit-Breaker-HOM230CP-HOM230CP/202353325,$
Breaker Double Pole 30A,2,Homeline 30-​Amp 2-​Pole Circuit Breaker (HOM230CP)​,https://www.homedepot.com/p/Square-D-Homeline-30-Amp-2-Pole-Circuit-Breaker-HOM230CP-HOM230CP/202353325,$
Breaker Double Pole 30A,3,Homeline 2-​30-​Amp 2-​Pole Quad Tandem Circuit Breaker (HOMT230230CP)​,https://www.homedepot.com/p/Square-D-Homeline-2-30-Amp-2-Pole-Quad-Tandem-Circuit-Breaker-HOMT230230CP-HOMT230230CP/311939383,$
Corner Bead Metal 8ft,1,1.​375 in.​ x 8 ft.​ Galvanized Steel Paper-​Faced Standard Leg Drywall Corner Bead,https://www.homedepot.com/p/1-375-in-x-8-ft-Galvanized-Steel-Paper-Faced-Standard-Leg-Drywall-Corner-Bead-CD1-WU/332186352,$
Corner Bead Metal 8ft,2,1.​375 in.​ x 8 ft.​ Galvanized Steel Paper-​Faced Standard Leg Drywall Corner Bead,https://www.homedepot.com/p/1-375-in-x-8-ft-Galvanized-Steel-Paper-Faced-Standard-Leg-Drywall-Corner-Bead-CD1-WU/332186352,$
Corner Bead Metal 8ft,3,96 in.​ Metal Corner Bead,https://www.homedepot.com/p/96-in-Metal-Corner-Bead-11718/202094309,$
Breaker Double Pole 50A,1,Homeline 50-​Amp 2-​Pole Circuit Breaker (HOM250CP)​,https://www.homedepot.com/p/Square-D-Homeline-50-Amp-2-Pole-Circuit-Breaker-HOM250CP-HOM250CP/202353323,$
Breaker Double Pole 50A,2,Homeline 50-​Amp 2-​Pole Circuit Breaker (HOM250CP)​,https://www.homedepot.com/p/Square-D-Homeline-50-Amp-2-Pole-Circuit-Breaker-HOM250CP-HOM250CP/202353323,$
Breaker Double Pole 50A,3,Homeline 50 Amp 2-​Space 4-​Circuit Spa Panel Main Lug Load Center,https://www.homedepot.com/p/Square-D-Homeline-50-Amp-2-Space-4-Circuit-Spa-Panel-Main-Lug-Load-Center-HOME250SPA/205170085,$
Corner Bead Vinyl 8ft,1,Vinyl Archway Bead 1-​1/​4 in.​ x 8 ft.​ Vinyl Arch Corner Bead VLAB,https://www.homedepot.com/p/ClarkDietrich-Vinyl-Archway-Bead-1-1-4-in-x-8-ft-Vinyl-Arch-Corner-Bead-VLAB-360089771/100319026,$
Corner Bead Vinyl 8ft,2,Vinyl Archway Bead 1-​1/​4 in.​ x 8 ft.​ Vinyl Arch Corner Bead VLAB,https://www.homedepot.com/p/ClarkDietrich-Vinyl-Archway-Bead-1-1-4-in-x-8-ft-Vinyl-Arch-Corner-Bead-VLAB-360089771/100319026,$
Corner Bead Vinyl 8ft,3,ARCHWAY 1.​25 in.​ x 8 ft.​ VINYL Drywall CORNER BEAD,https://www.homedepot.com/p/ARCHWAY-1-25-in-x-8-ft-VINYL-Drywall-CORNER-BEAD-826483/332715230,$
Copper Pipe 1/2in x 10ft,1,1-​1/​2 in.​ x 10 ft.​ Copper Type L Hard Temper Straight Pipe,https://www.homedepot.com/p/Cerro-1-1-2-in-x-10-ft-Copper-Type-L-Hard-Temper-Straight-Pipe-1-1-2-L-10/100354223,$
Copper Pipe 1/2in x 10ft,2,1-​1/​2 in.​ x 10 ft.​ Copper Type L Hard Temper Straight Pipe,https://www.homedepot.com/p/Cerro-1-1-2-in-x-10-ft-Copper-Type-L-Hard-Temper-Straight-Pipe-1-1-2-L-10/100354223,$
Copper Pipe 1/2in x 10ft,3,3/​4 in.​ x 2 ft.​ Copper Type L Pipe,https://www.homedepot.com/p/Mueller-Streamline-3-4-in-x-2-ft-Copper-Type-L-Pipe-LH06002/100344562,$
Interior Door Pre-hung 24x80,1,"32 in.​ x 80 in.​ Louvered-​Top Panel, White Composite Prehung Interior Door Left-​Handed with Quick Assemble Jamb & Handle",https://www.homedepot.com/p/TENONER-32-in-x-80-in-Louvered-Top-Panel-White-Composite-Prehung-Interior-Door-Left-Handed-with-Quick-Assemble-Jamb-Handle-PH-YH-byxb32A-L/340878320,$
Interior Door Pre-hung 24x80,2,"32 in.​ x 80 in.​ Louvered-​Top Panel, White Composite Prehung Interior Door Left-​Handed with Quick Assemble Jamb & Handle",https://www.homedepot.com/p/TENONER-32-in-x-80-in-Louvered-Top-Panel-White-Composite-Prehung-Interior-Door-Left-Handed-with-Quick-Assemble-Jamb-Handle-PH-YH-byxb32A-L/340878320,$
Interior Door Pre-hung 24x80,3,24 in.​ x 80 in.​ 2 Panel Left-​Handed Primed Composite Solid Core Single Prehung Interior Door 4-​9/​16 in.​ Flat Jamb,https://www.homedepot.com/p/Masonite-24-in-x-80-in-2-Panel-Left-Handed-Primed-Composite-Solid-Core-Single-Prehung-Interior-Door-4-9-16-in-Flat-Jamb-19129/202872601,$
Copper Pipe 3/4in x 10ft,1,3/​4 in.​ x 10 ft.​ Copper Type M Hard Temper Straight Pipe,https://www.homedepot.com/p/Cerro-3-4-in-x-10-ft-Copper-Type-M-Hard-Temper-Straight-Pipe-3-4-M-10/100354200,$
Copper Pipe 3/4in x 10ft,2,3/​4 in.​ x 10 ft.​ Copper Type M Hard Temper Straight Pipe,https://www.homedepot.com/p/Cerro-3-4-in-x-10-ft-Copper-Type-M-Hard-Temper-Straight-Pipe-3-4-M-10/100354200,$
Copper Pipe 3/4in x 10ft,3,3/​4 in.​ x 10 ft.​ Copper Type L Hard Temper Straight Pipe,https://www.homedepot.com/p/Cerro-3-4-in-x-10-ft-Copper-Type-L-Hard-Temper-Straight-Pipe-3-4-L-10/100354233,$
PEX Pipe 1/2in x 100ft Roll,1,1/​2 in.​ x 100 ft.​ Blue PEX-​B Pipe - APPB10012,https://www.homedepot.com/p/Apollo-1-2-in-x-100-ft-Blue-PEX-B-Pipe-APPB10012/301541189,$
PEX Pipe 1/2in x 100ft Roll,2,1/​2 in.​ x 100 ft.​ Blue PEX-​B Pipe - APPB10012,https://www.homedepot.com/p/Apollo-1-2-in-x-100-ft-Blue-PEX-B-Pipe-APPB10012/301541189,$
PEX Pipe 1/2in x 100ft Roll,3,1/​2 in.​ x 100 ft.​ Red PEX-​B Pipe - APPR10012,https://www.homedepot.com/p/Apollo-1-2-in-x-100-ft-Red-PEX-B-Pipe-APPR10012/301541204,$
Interior Door Pre-hung 28x80,1,Textured 6-​Panel Hollow Core Primed Composite Single Prehung Interior Door,https://www.homedepot.com/p/Masonite-28-in-x-80-in-6-Panel-Right-Handed-Primed-Composite-Hollow-Core-Single-Prehung-Interior-Door-4-9-16-in-Flat-Jamb-07474/100082835,$
Interior Door Pre-hung 28x80,2,Textured 6-​Panel Hollow Core Primed Composite Single Prehung Interior Door,https://www.homedepot.com/p/Masonite-28-in-x-80-in-6-Panel-Right-Handed-Primed-Composite-Hollow-Core-Single-Prehung-Interior-Door-4-9-16-in-Flat-Jamb-07474/100082835,$
Interior Door Pre-hung 28x80,3,Textured 6-​Panel Hollow Core Primed Composite Interior Door Slab with Bore,https://www.homedepot.com/p/Masonite-28-in-x-80-in-6-Panel-Primed-Textured-Hollow-Core-Composite-Interior-Door-Slab-with-Bore-61087/100043769,$
PEX Pipe 3/4in x 100ft Roll,1,1/​2 in.​ x 100 ft.​ Red PEX-​B Pipe - APPR10012,https://www.homedepot.com/p/Apollo-1-2-in-x-100-ft-Red-PEX-B-Pipe-APPR10012/301541204,$
PEX Pipe 3/4in x 100ft Roll,2,1/​2 in.​ x 100 ft.​ Red PEX-​B Pipe - APPR10012,https://www.homedepot.com/p/Apollo-1-2-in-x-100-ft-Red-PEX-B-Pipe-APPR10012/301541204,$
PEX Pipe 3/4in x 100ft Roll,3,3/​4 in.​ x 100 ft.​ Blue PEX-​B Pipe - APPB10034,https://www.homedepot.com/p/Apollo-3-4-in-x-100-ft-Blue-PEX-B-Pipe-APPB10034/301541207,$
Interior Door Pre-hung 30x80,1,Textured 6-​Panel Hollow Core Primed Composite Single Prehung Interior Door,https://www.homedepot.com/p/Masonite-30-in-x-80-in-6-Panel-Right-Handed-Primed-Composite-Hollow-Core-Single-Prehung-Interior-Door-4-9-16-in-Flat-Jamb-07481/100064498,$
Interior Door Pre-hung 30x80,2,Textured 6-​Panel Hollow Core Primed Composite Single Prehung Interior Door,https://www.homedepot.com/p/Masonite-30-in-x-80-in-6-Panel-Right-Handed-Primed-Composite-Hollow-Core-Single-Prehung-Interior-Door-4-9-16-in-Flat-Jamb-07481/100064498,$
Interior Door Pre-hung 30x80,3,Textured 6-​Panel Solid Core Primed Composite Single Prehung Interior Door,https://www.homedepot.com/p/Masonite-30-in-x-80-in-6-Panel-Right-Handed-Primed-Composite-Solid-Core-Single-Prehung-Interior-Door-4-9-16-in-Flat-Jamb-38673/204638567,$
ABS Pipe 3in x 10ft,1,3 in.​ x 10 ft.​ PVC Schedule 40 DWV Pipe - PVC073000600,https://www.homedepot.com/p/Charlotte-Pipe-3-in-x-10-ft-PVC-Schedule-40-DWV-Pipe-PVC073000600/100348476,$
ABS Pipe 3in x 10ft,2,3 in.​ x 10 ft.​ PVC Schedule 40 DWV Pipe - PVC073000600,https://www.homedepot.com/p/Charlotte-Pipe-3-in-x-10-ft-PVC-Schedule-40-DWV-Pipe-PVC073000600/100348476,$
ABS Pipe 3in x 10ft,3,3 in.​ x 10 ft.​ PVC Schedule 40 Foam-​Core DWV Pipe - PVC 04300 0600,https://www.homedepot.com/p/Charlotte-Pipe-3-in-x-10-ft-PVC-Schedule-40-Foam-Core-DWV-Pipe-PVC-04300-0600/100348479,$
Interior Door Pre-hung 32x80,1,32 in.​ x 80 in.​ Left-​Handed Solid Core White Primed Composite wood Single Prehung Interior Door Panel Satin Nickel,https://www.homedepot.com/p/RESO-32-in-x-80-in-Left-Handed-Solid-Core-White-Primed-Composite-wood-Single-Prehung-Interior-Door-Panel-Satin-Nickel-RID-3280-FW-SN-LH/340080439,$
Interior Door Pre-hung 32x80,2,32 in.​ x 80 in.​ Left-​Handed Solid Core White Primed Composite wood Single Prehung Interior Door Panel Satin Nickel,https://www.homedepot.com/p/RESO-32-in-x-80-in-Left-Handed-Solid-Core-White-Primed-Composite-wood-Single-Prehung-Interior-Door-Panel-Satin-Nickel-RID-3280-FW-SN-LH/340080439,$
Interior Door Pre-hung 32x80,3,30 in.​ x 80 in.​ 2 Panel Monroe Primed Left-​Hand Smooth Solid Core Molded Composite MDF Single Prehung Interior Door,https://www.homedepot.com/p/JELD-WEN-30-in-x-80-in-2-Panel-Monroe-Primed-Left-Hand-Smooth-Solid-Core-Molded-Composite-MDF-Single-Prehung-Interior-Door-THDJW137000897/300213541,$
ABS Pipe 4in x 10ft,1,4 in.​ x 24 in.​ ABS DWV Cell core Pipe,https://www.homedepot.com/p/IPEX-4-in-x-24-in-ABS-DWV-Cell-core-Pipe-179697/202300521,$
ABS Pipe 4in x 10ft,2,4 in.​ x 24 in.​ ABS DWV Cell core Pipe,https://www.homedepot.com/p/IPEX-4-in-x-24-in-ABS-DWV-Cell-core-Pipe-179697/202300521,$
ABS Pipe 4in x 10ft,3,4 in.​ x 10 ft.​ Rigid PVC SDR35 Gravity Sewer Pipe Green Belled End,https://www.homedepot.com/p/JM-EAGLE-4-in-x-10-ft-Rigid-PVC-SDR35-Gravity-Sewer-Pipe-Green-Belled-End-30569/100174444,$
Interior Door Solid Core 32x80,1,32 in.​ x 80 in.​ 1 Panel Right-​Handed Primed Composite Solid Core Single Prehung Interior Door 4-​9/​16 in.​ Flat Jamb,https://www.homedepot.com/p/Masonite-32-in-x-80-in-1-Panel-Right-Handed-Primed-Composite-Solid-Core-Single-Prehung-Interior-Door-4-9-16-in-Flat-Jamb-83052/206580184,$
Interior Door Solid Core 32x80,2,32 in.​ x 80 in.​ 1 Panel Right-​Handed Primed Composite Solid Core Single Prehung Interior Door 4-​9/​16 in.​ Flat Jamb,https://www.homedepot.com/p/Masonite-32-in-x-80-in-1-Panel-Right-Handed-Primed-Composite-Solid-Core-Single-Prehung-Interior-Door-4-9-16-in-Flat-Jamb-83052/206580184,$
Interior Door Solid Core 32x80,3,32 in.​ x 80 in.​ x 1-​3/​8 in.​ Shaker White Primed 2-​Panel Solid Core Wood Interior Slab Door,https://www.homedepot.com/p/eightdoors-32-in-x-80-in-x-1-3-8-in-Shaker-White-Primed-2-Panel-Solid-Core-Wood-Interior-Slab-Door-70288014803235SH/310969631,$
P-Trap 1-1/2in,1,1-​1/​2 in.​ White Plastic Sink Drain P-​ Trap,https://www.homedepot.com/p/Everbilt-1-1-2-in-White-Plastic-Sink-Drain-P-Trap-TTR00012/333526866,$
P-Trap 1-1/2in,2,1-​1/​2 in.​ White Plastic Sink Drain P-​ Trap,https://www.homedepot.com/p/Everbilt-1-1-2-in-White-Plastic-Sink-Drain-P-Trap-TTR00012/333526866,$
P-Trap 1-1/2in,3,1-​1/​2 in.​ DWV PVC P-​Trap with Solvent Weld Joint - PVC00706X0600HD,https://www.homedepot.com/p/1-1-2-in-DWV-PVC-P-Trap-with-Solvent-Weld-Joint-PVC00706X0600HD/203396337,$
Baseboard 3.5in x 8ft MDF,1,Pro Pack OP306 1/​2 in.​ x 3-​1/​2 in.​ x 144 in.​ Primed MDF Baseboard Moulding (8-​Pack − 96 Total Linear Feet)​,https://www.homedepot.com/p/Pro-Pack-OP306-1-2-in-x-3-1-2-in-x-144-in-Primed-MDF-Baseboard-Moulding-8-Pack-96-Total-Linear-Feet-HDFB306-PP/306717387,$
Baseboard 3.5in x 8ft MDF,2,Pro Pack OP306 1/​2 in.​ x 3-​1/​2 in.​ x 144 in.​ Primed MDF Baseboard Moulding (8-​Pack − 96 Total Linear Feet)​,https://www.homedepot.com/p/Pro-Pack-OP306-1-2-in-x-3-1-2-in-x-144-in-Primed-MDF-Baseboard-Moulding-8-Pack-96-Total-Linear-Feet-HDFB306-PP/306717387,$
Baseboard 3.5in x 8ft MDF,3,1 in.​ x 4 in.​ x 8 ft.​ Primed MDF Board (Common:​ 11/​16 in.​ x 3-​1/​2 in.​ x 8 ft.​)​,https://www.homedepot.com/p/1-in-x-4-in-x-8-ft-Primed-MDF-Board-Common-11-16-in-x-3-1-2-in-x-8-ft-PE2EHD17x3-5x97/305126558,$
P-Trap 2in,1,2 in.​ DWV PVC P-​Trap with Solvent Weld Joint - PVC00706X0800HD,https://www.homedepot.com/p/Charlotte-Pipe-2-in-DWV-PVC-P-Trap-with-Solvent-Weld-Joint-PVC00706X0800HD/203396346,$
P-Trap 2in,2,2 in.​ DWV PVC P-​Trap with Solvent Weld Joint - PVC00706X0800HD,https://www.homedepot.com/p/Charlotte-Pipe-2-in-DWV-PVC-P-Trap-with-Solvent-Weld-Joint-PVC00706X0800HD/203396346,$
P-Trap 2in,3,2 in.​ ABS DWV P-​Trap w/​ Solvent Weld Joint - ABS00706X0800HD,https://www.homedepot.com/p/Charlotte-Pipe-2-in-ABS-DWV-P-Trap-w-Solvent-Weld-Joint-ABS00706X0800HD/313834667,$
Baseboard 5.25in x 8ft MDF,1,1866 9/​16 in.​ x 5 1/​4 in.​ x 96 in.​ Primed MDF Baseboard Moulding (1-​Piece − 8 Total Linear Feet)​,https://www.homedepot.com/p/Woodgrain-Millwork-1866-9-16-in-x-5-1-4-in-x-96-in-Primed-MDF-Baseboard-Moulding-1-Piece-8-Total-Linear-Feet-10001790/203209462,$
Baseboard 5.25in x 8ft MDF,2,1866 9/​16 in.​ x 5 1/​4 in.​ x 96 in.​ Primed MDF Baseboard Moulding (1-​Piece − 8 Total Linear Feet)​,https://www.homedepot.com/p/Woodgrain-Millwork-1866-9-16-in-x-5-1-4-in-x-96-in-Primed-MDF-Baseboard-Moulding-1-Piece-8-Total-Linear-Feet-10001790/203209462,$
Baseboard 5.25in x 8ft MDF,3,RMB 518 9/​16 in.​ D x 5-​1/​4 in.​ W x 96 in.​ L Primed Finger-​Joined Pine Baseboard Molding 1-​Piece 8 ft.​ Total,https://www.homedepot.com/p/RESO-RMB-518-9-16-in-D-x-5-1-4-in-W-x-96-in-L-Primed-Finger-Joined-Pine-Baseboard-Molding-1-Piece-8-ft-Total-RMB-5180-96-1/331257911,$
Toilet Economy,1,"12 in.​ Rough In 2-​Piece 1.​28 GPF Single Flush Round Toilet in White, Seat Included",https://www.homedepot.com/p/Glacier-Bay-12-in-Rough-In-2-Piece-1-28-GPF-Single-Flush-Round-Toilet-in-White-Seat-Included-N2428R-17/336961024,$
Toilet Economy,2,"12 in.​ Rough In 2-​Piece 1.​28 GPF Single Flush Round Toilet in White, Seat Included",https://www.homedepot.com/p/Glacier-Bay-12-in-Rough-In-2-Piece-1-28-GPF-Single-Flush-Round-Toilet-in-White-Seat-Included-N2428R-17/336961024,$
Toilet Economy,3,"Power Flush 12 in.​ Rough in 2-​Piece 0.​95 GPF/​1.​28 GPF Dual Flush Elongated Toilet in White, Seat Included",https://www.homedepot.com/p/Glacier-Bay-Power-Flush-12-in-Rough-in-2-Piece-0-95-GPF-1-28-GPF-Dual-Flush-Elongated-Toilet-in-White-Seat-Included-N2455E-17/338019213,$
Baseboard 5.25in x 8ft Wood,1,RMB 518 9/​16 in.​ D x 5-​1/​4 in.​ W x 96 in.​ L Primed Finger-​Joined Pine Baseboard Molding 1-​Piece 8 ft.​ Total,https://www.homedepot.com/p/RESO-RMB-518-9-16-in-D-x-5-1-4-in-W-x-96-in-L-Primed-Finger-Joined-Pine-Baseboard-Molding-1-Piece-8-ft-Total-RMB-5180-96-1/331257911,$
Baseboard 5.25in x 8ft Wood,2,RMB 518 9/​16 in.​ D x 5-​1/​4 in.​ W x 96 in.​ L Primed Finger-​Joined Pine Baseboard Molding 1-​Piece 8 ft.​ Total,https://www.homedepot.com/p/RESO-RMB-518-9-16-in-D-x-5-1-4-in-W-x-96-in-L-Primed-Finger-Joined-Pine-Baseboard-Molding-1-Piece-8-ft-Total-RMB-5180-96-1/331257911,$
Baseboard 5.25in x 8ft Wood,3,WM163 0.​56 in.​ D x 5.​25 in.​ W x 96 in.​ L Wood Pine Baseboard Moulding,https://www.homedepot.com/p/Ekena-Millwork-WM163-0-56-in-D-x-5-25-in-W-x-96-in-L-Wood-Pine-Baseboard-Moulding-MLDW01X05WM163PI/329962622,$
Door Casing 2.25in x 7ft MDF,1,9/​16 in.​ D x 2-​1/​4 in.​ W x 84 in.​ L Primed MDF E2E Casing Moulding,https://www.homedepot.com/p/HOUSE-OF-FARA-9-16-in-D-x-2-1-4-in-W-x-84-in-L-Primed-MDF-E2E-Casing-Moulding-893296/334803736,$
Door Casing 2.25in x 7ft MDF,2,9/​16 in.​ D x 2-​1/​4 in.​ W x 84 in.​ L Primed MDF E2E Casing Moulding,https://www.homedepot.com/p/HOUSE-OF-FARA-9-16-in-D-x-2-1-4-in-W-x-84-in-L-Primed-MDF-E2E-Casing-Moulding-893296/334803736,$
Door Casing 2.25in x 7ft MDF,3,LWM356 5/​8 in.​ x 2-​1/​4 in.​ x 7 ft.​ Primed Wood Colonial MDF Casing,https://www.homedepot.com/p/LWM356-5-8-in-x-2-1-4-in-x-7-ft-Primed-Wood-Colonial-MDF-Casing-MDF239A-1/202071610,$
Door Casing 3.5in x 7ft MDF,1,356  13/​22 in.​ x 2 1/​4 in.​ x 84 in.​ Primed MDF Casing (1-​Piece − 7 Total Linear Feet)​,https://www.homedepot.com/p/356-13-22-in-x-2-1-4-in-x-84-in-Primed-MDF-Casing-1-Piece-7-Total-Linear-Feet-10000987/202089296,$
Door Casing 3.5in x 7ft MDF,2,356  13/​22 in.​ x 2 1/​4 in.​ x 84 in.​ Primed MDF Casing (1-​Piece − 7 Total Linear Feet)​,https://www.homedepot.com/p/356-13-22-in-x-2-1-4-in-x-84-in-Primed-MDF-Casing-1-Piece-7-Total-Linear-Feet-10000987/202089296,$
Door Casing 3.5in x 7ft MDF,3,RB03 1 in.​ x 3 1/​2 in.​ x 96 in.​ Primed MDF Casing (1-​Piece − 8 Total Linear Feet)​,https://www.homedepot.com/p/RB03-1-in-x-3-1-2-in-x-96-in-Primed-MDF-Casing-1-Piece-8-Total-Linear-Feet-10002037/204167646,$
Crown Molding 3.5in x 8ft MDF,1,1 in.​ x 4 in.​ x 8 ft.​ Primed MDF Board (Common:​ 11/​16 in.​ x 3-​1/​2 in.​ x 8 ft.​)​,https://www.homedepot.com/p/1-in-x-4-in-x-8-ft-Primed-MDF-Board-Common-11-16-in-x-3-1-2-in-x-8-ft-PE2EHD17x3-5x97/305126558,$
Crown Molding 3.5in x 8ft MDF,2,1 in.​ x 4 in.​ x 8 ft.​ Primed MDF Board (Common:​ 11/​16 in.​ x 3-​1/​2 in.​ x 8 ft.​)​,https://www.homedepot.com/p/1-in-x-4-in-x-8-ft-Primed-MDF-Board-Common-11-16-in-x-3-1-2-in-x-8-ft-PE2EHD17x3-5x97/305126558,$
Crown Molding 3.5in x 8ft MDF,3,WM 49 19/​32 in.​ x 3-​5/​8 in.​ x 96 in.​ Primed MDF Crown Moulding,https://www.homedepot.com/p/Woodgrain-Millwork-WM-49-19-32-in-x-3-5-8-in-x-96-in-Primed-MDF-Crown-Moulding-10001761/203209389,$
Crown Molding 4.5in x 8ft Wood,1,WM86 0.​56 in.​ D x 1.​63 in.​ W x 96 in.​ L Wood (Pine)​ Crown Moulding,https://www.homedepot.com/p/Ekena-Millwork-WM86-0-56-in-D-x-1-63-in-W-x-96-in-L-Wood-Pine-Crown-Moulding-MLDW01X02WM86PI/330225609,$
Crown Molding 4.5in x 8ft Wood,2,WM86 0.​56 in.​ D x 1.​63 in.​ W x 96 in.​ L Wood (Pine)​ Crown Moulding,https://www.homedepot.com/p/Ekena-Millwork-WM86-0-56-in-D-x-1-63-in-W-x-96-in-L-Wood-Pine-Crown-Moulding-MLDW01X02WM86PI/330225609,$
Crown Molding 4.5in x 8ft Wood,3,8659 3/​4 in.​ x 4 1/​2 in.​ x 96 in.​ Primed MDF Crown Moulding (1-​Piece − 8 Total Linear Feet)​,https://www.homedepot.com/p/HOUSE-OF-FARA-8659-3-4-in-x-4-1-2-in-x-96-in-Primed-MDF-Crown-Moulding-1-Piece-8-Total-Linear-Feet-8659/202087579,$
Interior Paint Flat 1gal,1,Pure White Tintable Paint with Primer,https://www.homedepot.com/p/Glidden-Essentials-1-gal-White-Flat-Interior-Paint-GLE-1000-01/206751486,$
Interior Paint Flat 1gal,2,Pure White Tintable Paint with Primer,https://www.homedepot.com/p/Glidden-Essentials-1-gal-White-Flat-Interior-Paint-GLE-1000-01/206751486,$
Interior Paint Flat 1gal,3,5 gal.​ White Ultra Flat Interior Paint,https://www.homedepot.com/p/Glidden-Multi-Pro-5-gal-White-Ultra-Flat-Interior-Paint-GMP0100-05/339194220,$
Interior Paint Eggshell 1gal,1,1 gal.​ i100 White Base Eggshell Interior Paint,https://www.homedepot.com/p/BEHR-PRO-1-gal-i100-White-Base-Eggshell-Interior-Paint-PR13001/205853474,$
Interior Paint Eggshell 1gal,2,1 gal.​ i100 White Base Eggshell Interior Paint,https://www.homedepot.com/p/BEHR-PRO-1-gal-i100-White-Base-Eggshell-Interior-Paint-PR13001/205853474,$
Interior Paint Eggshell 1gal,3,1 gal.​ #MS-​33 Eggshell White Eggshell Interior Paint,https://www.homedepot.com/p/BEHR-PRO-1-gal-MS-33-Eggshell-White-Eggshell-Interior-Paint-PR13001/315208042,$
Interior Paint Satin 1gal,1,1 qt.​ Protective Enamel Satin Black Interior/​Exterior Paint,https://www.homedepot.com/p/Rust-Oleum-Stops-Rust-1-qt-Protective-Enamel-Satin-Black-Interior-Exterior-Paint-7777502/100184504,$
Interior Paint Satin 1gal,2,1 qt.​ Protective Enamel Satin Black Interior/​Exterior Paint,https://www.homedepot.com/p/Rust-Oleum-Stops-Rust-1-qt-Protective-Enamel-Satin-Black-Interior-Exterior-Paint-7777502/100184504,$
Interior Paint Satin 1gal,3,1 gal.​ High-​Hiding White Interior Dead-​Flat Ceiling Paint,https://www.homedepot.com/p/Glidden-Ceiling-1-gal-High-Hiding-White-Interior-Dead-Flat-Ceiling-Paint-GPL-0000-01/202246803,$
Interior Paint Semi-Gloss 1gal,1,1 gal.​ i100 White Base Semi-​Gloss Interior Paint,https://www.homedepot.com/p/BEHR-PRO-1-gal-i100-White-Base-Semi-Gloss-Interior-Paint-PR17001/205853479,$
Interior Paint Semi-Gloss 1gal,2,1 gal.​ i100 White Base Semi-​Gloss Interior Paint,https://www.homedepot.com/p/BEHR-PRO-1-gal-i100-White-Base-Semi-Gloss-Interior-Paint-PR17001/205853479,$
Interior Paint Semi-Gloss 1gal,3,1 gal.​ #52 White Semi-​Gloss Interior Paint,https://www.homedepot.com/p/BEHR-PRO-1-gal-52-White-Semi-Gloss-Interior-Paint-PR17001/314757975,$
Interior Paint Flat 5gal,1,5 gal.​ White Flat Interior and Exterior Paint,https://www.homedepot.com/p/Glidden-Maintenance-5-gal-White-Flat-Interior-and-Exterior-Paint-920-05/100141333,$
Interior Paint Flat 5gal,2,5 gal.​ White Flat Interior and Exterior Paint,https://www.homedepot.com/p/Glidden-Maintenance-5-gal-White-Flat-Interior-and-Exterior-Paint-920-05/100141333,$
Interior Paint Flat 5gal,3,5 gal.​ i100 White Base Dead Flat Interior Paint,https://www.homedepot.com/p/BEHR-PRO-5-gal-i100-White-Base-Dead-Flat-Interior-Paint-PR10505/206488366,$
Interior Paint Eggshell 5gal,1,5 gal.​ #MS-​33 Eggshell White Eggshell Interior Paint,https://www.homedepot.com/p/BEHR-PRO-5-gal-MS-33-Eggshell-White-Eggshell-Interior-Paint-PR13005/315214317,$
Interior Paint Eggshell 5gal,2,5 gal.​ #MS-​33 Eggshell White Eggshell Interior Paint,https://www.homedepot.com/p/BEHR-PRO-5-gal-MS-33-Eggshell-White-Eggshell-Interior-Paint-PR13005/315214317,$
Interior Paint Eggshell 5gal,3,5 gal.​ i100 White Base Eggshell Interior Paint,https://www.homedepot.com/p/BEHR-PRO-5-gal-i100-White-Base-Eggshell-Interior-Paint-PR13005/205853478,$
Kitchen Sink Single Basin Economy,1,Loften All-​in-​One 33 in Drop In Single Bowl 18-​Gauge Stainless Steel Kitchen Sink w/​ Bolden Pull Down Faucet in Chrome,https://www.homedepot.com/p/KRAUS-Loften-All-in-One-33-in-Drop-In-Single-Bowl-18-Gauge-Stainless-Steel-Kitchen-Sink-w-Bolden-Pull-Down-Faucet-in-Chrome-KCH-1000-H/326001240,$
Kitchen Sink Single Basin Economy,2,Loften All-​in-​One 33 in Drop In Single Bowl 18-​Gauge Stainless Steel Kitchen Sink w/​ Bolden Pull Down Faucet in Chrome,https://www.homedepot.com/p/KRAUS-Loften-All-in-One-33-in-Drop-In-Single-Bowl-18-Gauge-Stainless-Steel-Kitchen-Sink-w-Bolden-Pull-Down-Faucet-in-Chrome-KCH-1000-H/326001240,$
Kitchen Sink Single Basin Economy,3,Verse 33 in.​ Drop-​in Single Bowl 18 Gauge Stainless Kitchen Sink with 4 Faucet Holes,https://www.homedepot.com/p/KOHLER-Verse-33-in-Drop-in-Single-Bowl-18-Gauge-Stainless-Kitchen-Sink-with-4-Faucet-Holes-K-RH20060-4-NA/206889102,$
Primer Interior 1gal,1,"KILZ 2 ALL PURPOSE 1 gal.​ White Interior/​Exterior Multi-​Surface Primer, Sealer, and Stain Blocker",https://www.homedepot.com/p/KILZ-KILZ-2-ALL-PURPOSE-1-gal-White-Interior-Exterior-Multi-Surface-Primer-Sealer-and-Stain-Blocker-20941/100096395,$
Primer Interior 1gal,2,"KILZ 2 ALL PURPOSE 1 gal.​ White Interior/​Exterior Multi-​Surface Primer, Sealer, and Stain Blocker",https://www.homedepot.com/p/KILZ-KILZ-2-ALL-PURPOSE-1-gal-White-Interior-Exterior-Multi-Surface-Primer-Sealer-and-Stain-Blocker-20941/100096395,$
Primer Interior 1gal,3,Bulls Eye 1-​2-​3 1 Gal.​ White Water-​Based Interior/​Exterior Primer and Sealer,https://www.homedepot.com/p/Zinsser-Bulls-Eye-1-2-3-1-Gal-White-Water-Based-Interior-Exterior-Primer-and-Sealer-2001/100398391,$
Kitchen Sink Double Basin Standard,1,33 in.​ Drop-​In 50/​50 Double Bowl 20 Gauge Stainless Steel Kitchen Sink with Faucet and Sprayer,https://www.homedepot.com/p/Glacier-Bay-33-in-Drop-In-50-50-Double-Bowl-20-Gauge-Stainless-Steel-Kitchen-Sink-with-Faucet-and-Sprayer-VT3322A08SHA1/323275411,$
Kitchen Sink Double Basin Standard,2,33 in.​ Drop-​In 50/​50 Double Bowl 20 Gauge Stainless Steel Kitchen Sink with Faucet and Sprayer,https://www.homedepot.com/p/Glacier-Bay-33-in-Drop-In-50-50-Double-Bowl-20-Gauge-Stainless-Steel-Kitchen-Sink-with-Faucet-and-Sprayer-VT3322A08SHA1/323275411,$
Kitchen Sink Double Basin Standard,3,Bratten 33 in.​ Drop-​In 50/​50 Double Bowl 18 Gauge Stainless Steel Kitchen Sink with Accessories,https://www.homedepot.com/p/Glacier-Bay-Bratten-33-in-Drop-In-50-50-Double-Bowl-18-Gauge-Stainless-Steel-Kitchen-Sink-with-Accessories-VT3322TA0ACC/317041467,$
Primer Interior 5gal,1,5 gal.​ Drywall Interior Primer,https://www.homedepot.com/p/Glidden-PVA-5-gal-Drywall-Interior-Primer-GPD-0000-05/100091142,$
Primer Interior 5gal,2,5 gal.​ Drywall Interior Primer,https://www.homedepot.com/p/Glidden-PVA-5-gal-Drywall-Interior-Primer-GPD-0000-05/100091142,$
Primer Interior 5gal,3,"KILZ 2 ALL PURPOSE 5 gal.​ White Interior/​Exterior Multi-​Surface Primer, Sealer, and Stain Blocker",https://www.homedepot.com/p/KILZ-KILZ-2-ALL-PURPOSE-5-gal-White-Interior-Exterior-Multi-Surface-Primer-Sealer-and-Stain-Blocker-20000/100116594,$
Kitchen Sink Farmhouse Premium,1,CozyStream 33 in.​ Farmhouse Apron-​Front Single Bowl White Fireclay Workstation Kitchen Sink with Accessories,https://www.homedepot.com/p/HOROW-CozyStream-33-in-Farmhouse-Apron-Front-Single-Bowl-White-Fireclay-Workstation-Kitchen-Sink-with-Accessories-F01R-S3320W1-L/336520251,$
Kitchen Sink Farmhouse Premium,2,CozyStream 33 in.​ Farmhouse Apron-​Front Single Bowl White Fireclay Workstation Kitchen Sink with Accessories,https://www.homedepot.com/p/HOROW-CozyStream-33-in-Farmhouse-Apron-Front-Single-Bowl-White-Fireclay-Workstation-Kitchen-Sink-with-Accessories-F01R-S3320W1-L/336520251,$
Kitchen Sink Farmhouse Premium,3,Elmbrook Cast Iron 33 in.​ Single Bowl Farmhouse Apron Front Kitchen Sink in White,https://www.homedepot.com/p/KOHLER-Elmbrook-Cast-Iron-33-in-Single-Bowl-Farmhouse-Apron-Front-Kitchen-Sink-in-White-K-28668-0/316246054,$
Primer Sealer 1gal,1,"KILZ 2 ALL PURPOSE 1 gal.​ White Interior/​Exterior Multi-​Surface Primer, Sealer, and Stain Blocker",https://www.homedepot.com/p/KILZ-KILZ-2-ALL-PURPOSE-1-gal-White-Interior-Exterior-Multi-Surface-Primer-Sealer-and-Stain-Blocker-20941/100096395,$
Primer Sealer 1gal,2,"KILZ 2 ALL PURPOSE 1 gal.​ White Interior/​Exterior Multi-​Surface Primer, Sealer, and Stain Blocker",https://www.homedepot.com/p/KILZ-KILZ-2-ALL-PURPOSE-1-gal-White-Interior-Exterior-Multi-Surface-Primer-Sealer-and-Stain-Blocker-20941/100096395,$
Primer Sealer 1gal,3,Bulls Eye 1-​2-​3 1 Gal.​ White Water-​Based Interior/​Exterior Primer and Sealer,https://www.homedepot.com/p/Zinsser-Bulls-Eye-1-2-3-1-Gal-White-Water-Based-Interior-Exterior-Primer-and-Sealer-2001/100398391,$
Shower Pan 36x36,1,SlimLine 36 in.​ x 36 in.​ Single Threshold Alcove Shower Pan Base in White with Center Drain,https://www.homedepot.com/p/DreamLine-SlimLine-36-in-x-36-in-Single-Threshold-Alcove-Shower-Pan-Base-in-White-with-Center-Drain-DLT-1136360/204045432,$
Shower Pan 36x36,2,SlimLine 36 in.​ x 36 in.​ Single Threshold Alcove Shower Pan Base in White with Center Drain,https://www.homedepot.com/p/DreamLine-SlimLine-36-in-x-36-in-Single-Threshold-Alcove-Shower-Pan-Base-in-White-with-Center-Drain-DLT-1136360/204045432,$
Shower Pan 36x36,3,Classic 500 36 in.​ L x 36 in.​ W Alcove Shower Pan Base with Center Drain in High Gloss White,https://www.homedepot.com/p/Delta-Classic-500-36-in-L-x-36-in-W-Alcove-Shower-Pan-Base-with-Center-Drain-in-High-Gloss-White-B12135-3636-WH/321018157,$
Hardwood Flooring 3/4in x 2.25in x 1sqft,1,American Originals Natural Red Oak 3/​4in.​ T x 2-​1/​4 in.​ W Smooth Solid Hardwood Flooring (20 sq.​ ft.​ /​Ctn)​,https://www.homedepot.com/p/Bruce-American-Originals-Natural-Red-Oak-3-4in-T-x-2-1-4-in-W-Smooth-Solid-Hardwood-Flooring-20-sq-ft-Ctn-SHD2210/204468560,$
Hardwood Flooring 3/4in x 2.25in x 1sqft,2,American Originals Natural Red Oak 3/​4in.​ T x 2-​1/​4 in.​ W Smooth Solid Hardwood Flooring (20 sq.​ ft.​ /​Ctn)​,https://www.homedepot.com/p/Bruce-American-Originals-Natural-Red-Oak-3-4in-T-x-2-1-4-in-W-Smooth-Solid-Hardwood-Flooring-20-sq-ft-Ctn-SHD2210/204468560,$
Hardwood Flooring 3/4in x 2.25in x 1sqft,3,Plano Gunstock Oak 3/​4 in.​ T x 3-​1/​4 in.​ W Smooth Solid Hardwood Flooring (22 sq.​ft.​/​Ctn)​,https://www.homedepot.com/p/Bruce-Plano-Gunstock-Oak-3-4-in-T-x-3-1-4-in-W-Smooth-Solid-Hardwood-Flooring-22-sq-ft-Ctn-C1111/206213572,$
Shower Pan 48x36,1,SlimLine 48 in.​ x 36 in.​ Single Threshold Alcove Shower Pan Base in White with Center Drain,https://www.homedepot.com/p/DreamLine-SlimLine-48-in-x-36-in-Single-Threshold-Alcove-Shower-Pan-Base-in-White-with-Center-Drain-DLT-1136480/204045472,$
Shower Pan 48x36,2,SlimLine 48 in.​ x 36 in.​ Single Threshold Alcove Shower Pan Base in White with Center Drain,https://www.homedepot.com/p/DreamLine-SlimLine-48-in-x-36-in-Single-Threshold-Alcove-Shower-Pan-Base-in-White-with-Center-Drain-DLT-1136480/204045472,$
Shower Pan 48x36,3,Cedaridge 48 in.​ x 36 in.​ Solid Surface Single Threshold Center Drain Shower Pan with Slip Resistant Surface in White,https://www.homedepot.com/p/WOODBRIDGE-Cedaridge-48-in-x-36-in-Solid-Surface-Single-Threshold-Center-Drain-Shower-Pan-with-Slip-Resistant-Surface-in-White-SBR4836-1000C/314173609,$
Hardwood Flooring 3/4in x 3.25in x 1sqft,1,Plano Marsh Oak 3/​4 in.​ T x 3-​1/​4 in.​ W x Varying Length Solid Hardwood Flooring (22 sq.​ft.​/​Ctn)​,https://www.homedepot.com/p/Bruce-Plano-Marsh-Oak-3-4-in-T-x-3-1-4-in-W-x-Varying-Length-Solid-Hardwood-Flooring-22-sq-ft-Ctn-C1134/202254700,$
Hardwood Flooring 3/4in x 3.25in x 1sqft,2,Plano Marsh Oak 3/​4 in.​ T x 3-​1/​4 in.​ W x Varying Length Solid Hardwood Flooring (22 sq.​ft.​/​Ctn)​,https://www.homedepot.com/p/Bruce-Plano-Marsh-Oak-3-4-in-T-x-3-1-4-in-W-x-Varying-Length-Solid-Hardwood-Flooring-22-sq-ft-Ctn-C1134/202254700,$
Hardwood Flooring 3/4in x 3.25in x 1sqft,3,Plano Gunstock Oak 3/​4 in.​ T x 3-​1/​4 in.​ W Smooth Solid Hardwood Flooring (22 sq.​ft.​/​Ctn)​,https://www.homedepot.com/p/Bruce-Plano-Gunstock-Oak-3-4-in-T-x-3-1-4-in-W-Smooth-Solid-Hardwood-Flooring-22-sq-ft-Ctn-C1111/206213572,$
Bathtub Alcove 60x30 Economy,1,Aloha 60 in.​ x 30 in.​ Alcove Soaking Bathtub with Right Drain in White,https://www.homedepot.com/p/Bootz-Industries-Aloha-60-in-x-30-in-Alcove-Soaking-Bathtub-with-Right-Drain-in-White-011-3364-00/314614199,$
Bathtub Alcove 60x30 Economy,2,Aloha 60 in.​ x 30 in.​ Alcove Soaking Bathtub with Right Drain in White,https://www.homedepot.com/p/Bootz-Industries-Aloha-60-in-x-30-in-Alcove-Soaking-Bathtub-with-Right-Drain-in-White-011-3364-00/314614199,$
Bathtub Alcove 60x30 Economy,3,Mauicast 60 in.​ x 30 in.​ Alcove Soaking Bathtub with Left Drain in White,https://www.homedepot.com/p/Bootz-Industries-Mauicast-60-in-x-30-in-Alcove-Soaking-Bathtub-with-Left-Drain-in-White-011-3445-00/308500230,$
Engineered Hardwood 1sqft,1,Hayes Mill Oak 3/​8 in.​ T x 5 in.​ W Click-​Lock Wire Brushed Engineered Hardwood Flooring (19.​7 sq.​ ft.​/​case)​,https://www.homedepot.com/p/Home-Decorators-Collection-Hayes-Mill-Oak-3-8-in-T-x-5-in-W-Click-Lock-Wire-Brushed-Engineered-Hardwood-Flooring-19-7-sq-ft-case-HDCH02/328120930,$
Engineered Hardwood 1sqft,2,Hayes Mill Oak 3/​8 in.​ T x 5 in.​ W Click-​Lock Wire Brushed Engineered Hardwood Flooring (19.​7 sq.​ ft.​/​case)​,https://www.homedepot.com/p/Home-Decorators-Collection-Hayes-Mill-Oak-3-8-in-T-x-5-in-W-Click-Lock-Wire-Brushed-Engineered-Hardwood-Flooring-19-7-sq-ft-case-HDCH02/328120930,$
Engineered Hardwood 1sqft,3,Rincon French Oak 3/​8 in.​ T x 6.​5 in.​ W Water Resistant Wire Brushed Engineered Hardwood Flooring (23.​6 sq.​ ft.​/​case)​,https://www.homedepot.com/p/Malibu-Wide-Plank-Rincon-French-Oak-3-8-in-T-x-6-5-in-W-Water-Resistant-Wire-Brushed-Engineered-Hardwood-Flooring-23-6-sq-ft-case-HDMPCL107EF/300182559,$
Bathtub Alcove 60x32 Standard,1,Elmbrook 60 in.​ x 32 in.​ Alcove Deep Soaking Bathtub with Left-​Hand Drain in White,https://www.homedepot.com/p/KOHLER-Elmbrook-60-in-x-32-in-Alcove-Deep-Soaking-Bathtub-with-Left-Hand-Drain-in-White-R25506-LA-0/327820813,$
Bathtub Alcove 60x32 Standard,2,Elmbrook 60 in.​ x 32 in.​ Alcove Deep Soaking Bathtub with Left-​Hand Drain in White,https://www.homedepot.com/p/KOHLER-Elmbrook-60-in-x-32-in-Alcove-Deep-Soaking-Bathtub-with-Left-Hand-Drain-in-White-R25506-LA-0/327820813,$
Bathtub Alcove 60x32 Standard,3,Classic 500 60 in.​ x 32 in.​ Alcove Deep Soaking Bathtub with Left Drain in High Gloss White,https://www.homedepot.com/p/Delta-Classic-500-60-in-x-32-in-Alcove-Deep-Soaking-Bathtub-with-Left-Drain-in-High-Gloss-White-B23605-6032L-WH/321016477,$
LVP Flooring Economy 1sqft,1,Lakeshore Pecan Stone 7 mm T x 7.​6 in.​ W Laminate Wood Flooring (24.​2 sqft/​case)​,https://www.homedepot.com/p/TrafficMaster-Lakeshore-Pecan-Stone-7-mm-T-x-7-6-in-W-Laminate-Wood-Flooring-24-2-sqft-case-50560/308574756,99
LVP Flooring Economy 1sqft,2,Lakeshore Pecan Stone 7 mm T x 7.​6 in.​ W Laminate Wood Flooring (24.​2 sqft/​case)​,https://www.homedepot.com/p/TrafficMaster-Lakeshore-Pecan-Stone-7-mm-T-x-7-6-in-W-Laminate-Wood-Flooring-24-2-sqft-case-50560/308574756,99
LVP Flooring Economy 1sqft,3,Brighton Harbor 20 MIL x 7 in.​ W x 48 in.​ L Waterproof Rigid Core Click Lock Luxury Vinyl Flooring (23.​77 sq.​ft.​/​ Case)​,https://www.homedepot.com/p/MSI-Brighton-Harbor-20-MIL-x-7-in-W-x-48-in-L-Waterproof-Rigid-Core-Click-Lock-Luxury-Vinyl-Flooring-23-77-sq-ft-Case-BRIGH7X484M12MI/344278405,$
Freestanding Tub Premium,1,Bordeaux 59 in.​ x 29.​5 in.​ Acrylic Flatbottom Freestanding Soaking Bathtub with Center Drain in White/​Polished Chrome,https://www.homedepot.com/p/Vanity-Art-Bordeaux-59-in-x-29-5-in-Acrylic-Flatbottom-Freestanding-Soaking-Bathtub-with-Center-Drain-in-White-Polished-Chrome-VA6815/305085966,Limit 5 per order
Freestanding Tub Premium,2,Bordeaux 59 in.​ x 29.​5 in.​ Acrylic Flatbottom Freestanding Soaking Bathtub with Center Drain in White/​Polished Chrome,https://www.homedepot.com/p/Vanity-Art-Bordeaux-59-in-x-29-5-in-Acrylic-Flatbottom-Freestanding-Soaking-Bathtub-with-Center-Drain-in-White-Polished-Chrome-VA6815/305085966,Limit 5 per order
Freestanding Tub Premium,3,Antony 62 in.​ x 29.​5 in.​ Acrylic Flatbottom Freestanding Soaking Bathtub with Center Drain in White/​Polished Chrome,https://www.homedepot.com/p/Vanity-Art-Antony-62-in-x-29-5-in-Acrylic-Flatbottom-Freestanding-Soaking-Bathtub-with-Center-Drain-in-White-Polished-Chrome-VA6809/305086247,Limit 5 per order
Water Heater Tank 40gal Electric,1,Performance 40 Gal.​ Medium 4500-​Watt Double Element Electric Water Heater with 6-​Year Warranty,https://www.homedepot.com/p/Rheem-Performance-40-Gal-Medium-4500-Watt-Double-Element-Electric-Water-Heater-with-6-Year-Warranty-XE40M06ST45U1/326434008,$
Water Heater Tank 40gal Electric,2,Performance 40 Gal.​ Medium 4500-​Watt Double Element Electric Water Heater with 6-​Year Warranty,https://www.homedepot.com/p/Rheem-Performance-40-Gal-Medium-4500-Watt-Double-Element-Electric-Water-Heater-with-6-Year-Warranty-XE40M06ST45U1/326434008,$
Water Heater Tank 40gal Electric,3,Performance 40 Gal.​ Tall 4500-​Watt Double Element Electric Water Heater with 6-​Year Warranty,https://www.homedepot.com/p/Rheem-Performance-40-Gal-Tall-4500-Watt-Double-Element-Electric-Water-Heater-with-6-Year-Warranty-XE40T06ST45U1/326590441,$
Water Heater Tank 50gal Gas,1,"Performance 50 Gal.​ Tall 38,000 BTU Natural Gas Water Heater with 6-​Year Warranty",https://www.homedepot.com/p/Rheem-Performance-50-Gal-Tall-38-000-BTU-Natural-Gas-Water-Heater-with-6-Year-Warranty-XG50T06EC38U1/326590285,$
Water Heater Tank 50gal Gas,2,"Performance 50 Gal.​ Tall 38,000 BTU Natural Gas Water Heater with 6-​Year Warranty",https://www.homedepot.com/p/Rheem-Performance-50-Gal-Tall-38-000-BTU-Natural-Gas-Water-Heater-with-6-Year-Warranty-XG50T06EC38U1/326590285,$
Water Heater Tank 50gal Gas,3,"Performance Platinum 50 Gal.​ Tall 40,000 BTU Natural Gas Water Heater with 12-​Year Warranty",https://www.homedepot.com/p/Rheem-Performance-Platinum-50-Gal-Tall-40-000-BTU-Natural-Gas-Water-Heater-with-12-Year-Warranty-XG50T12HE40U0/204697785,$
Tankless Water Heater Gas,1,Performance Platinum 8.​4 GPM Super High Efficiency Indoor or Outdoor Natural Gas Tankless Water Heater,https://www.homedepot.com/p/Rheem-Performance-Platinum-8-4-GPM-Super-High-Efficiency-Indoor-or-Outdoor-Natural-Gas-Tankless-Water-Heater-ECOH160DVLN-3/325308460,Limit 5 per order
Tankless Water Heater Gas,2,Performance Platinum 8.​4 GPM Super High Efficiency Indoor or Outdoor Natural Gas Tankless Water Heater,https://www.homedepot.com/p/Rheem-Performance-Platinum-8-4-GPM-Super-High-Efficiency-Indoor-or-Outdoor-Natural-Gas-Tankless-Water-Heater-ECOH160DVLN-3/325308460,Limit 5 per order
Tankless Water Heater Gas,3,Performance Plus 9.​5 GPM Smart Non-​Condensing Outdoor Natural Gas Tankless Water Heater,https://www.homedepot.com/p/Rheem-Performance-Plus-9-5-GPM-Smart-Non-Condensing-Outdoor-Natural-Gas-Tankless-Water-Heater-ECO200XELN-3/325309137,$
LVP Flooring Standard 1sqft,1,French Oak Alturas 7.​17 in.​ Wide x 48 in.​ L Rigid Core Luxury Vinyl Plank Click Lock Flooring (23.​9 sq.​ft.​/​case)​,https://www.homedepot.com/p/Malibu-Wide-Plank-French-Oak-Alturas-7-17-in-Wide-x-48-in-L-Rigid-Core-Luxury-Vinyl-Plank-Click-Lock-Flooring-23-9-sq-ft-case-HDMVCL981RC/324817013,$
LVP Flooring Standard 1sqft,2,French Oak Alturas 7.​17 in.​ Wide x 48 in.​ L Rigid Core Luxury Vinyl Plank Click Lock Flooring (23.​9 sq.​ft.​/​case)​,https://www.homedepot.com/p/Malibu-Wide-Plank-French-Oak-Alturas-7-17-in-Wide-x-48-in-L-Rigid-Core-Luxury-Vinyl-Plank-Click-Lock-Flooring-23-9-sq-ft-case-HDMVCL981RC/324817013,$
LVP Flooring Standard 1sqft,3,French Oak Alturas 20 MIL 7.​2 in.​ x 60 in.​ Click Lock Waterproof Luxury Vinyl Plank Flooring (23.​9 sq.​ ft.​/​case)​,https://www.homedepot.com/p/Malibu-Wide-Plank-French-Oak-Alturas-20-MIL-7-2-in-x-60-in-Click-Lock-Waterproof-Luxury-Vinyl-Plank-Flooring-23-9-sq-ft-case-HDMVCL999RC/318104245,$
Bathroom Faucet Economy,1,Constructor 4 in.​ Centerset Double Handle Low-​Arc Bathroom Faucet in Brushed Nickel,https://www.homedepot.com/p/Glacier-Bay-Constructor-4-in-Centerset-Double-Handle-Low-Arc-Bathroom-Faucet-in-Brushed-Nickel-HD67499W-6404/309237979,$
Bathroom Faucet Economy,2,Constructor 4 in.​ Centerset Double Handle Low-​Arc Bathroom Faucet in Brushed Nickel,https://www.homedepot.com/p/Glacier-Bay-Constructor-4-in-Centerset-Double-Handle-Low-Arc-Bathroom-Faucet-in-Brushed-Nickel-HD67499W-6404/309237979,$
Bathroom Faucet Economy,3,Builders 4 in.​ Centerset Double Handle Low-​Arc Bathroom Faucet in Chrome,https://www.homedepot.com/p/Glacier-Bay-Builders-4-in-Centerset-Double-Handle-Low-Arc-Bathroom-Faucet-in-Chrome-HD67091W-6B01/309237986,$
LVP Flooring Premium 1sqft,1,300 sq.​ ft.​ 48 in.​ W x 75 ft.​ L x 1 mm T Premium Underlayment for Vinyl Plank Floors,https://www.homedepot.com/p/FloorMuffler-300-sq-ft-48-in-W-x-75-ft-L-x-1-mm-T-Premium-Underlayment-for-Vinyl-Plank-Floors-0265291/333652295,50
LVP Flooring Premium 1sqft,2,300 sq.​ ft.​ 48 in.​ W x 75 ft.​ L x 1 mm T Premium Underlayment for Vinyl Plank Floors,https://www.homedepot.com/p/FloorMuffler-300-sq-ft-48-in-W-x-75-ft-L-x-1-mm-T-Premium-Underlayment-for-Vinyl-Plank-Floors-0265291/333652295,50
LVP Flooring Premium 1sqft,3,100 sq.​ ft.​ 4 ft.​ x 25 ft.​ x 0.​04 in.​ Premium Underlayment for Vinyl Plank Flooring,https://www.homedepot.com/p/FloorMuffler-100-sq-ft-4-ft-x-25-ft-x-0-04-in-Premium-Underlayment-for-Vinyl-Plank-Flooring-0265265/324589036,59
Bathroom Faucet Standard,1,Chatfield 4 in.​ Centerset 2-​Handle Bathroom Faucet in Polished Chrome,https://www.homedepot.com/p/American-Standard-Chatfield-4-in-Centerset-2-Handle-Bathroom-Faucet-in-Polished-Chrome-7413201-002/206310460,$
Bathroom Faucet Standard,2,Chatfield 4 in.​ Centerset 2-​Handle Bathroom Faucet in Polished Chrome,https://www.homedepot.com/p/American-Standard-Chatfield-4-in-Centerset-2-Handle-Bathroom-Faucet-in-Polished-Chrome-7413201-002/206310460,$
Bathroom Faucet Standard,3,Adler 4 in.​ Centerset Single Handle Low-​Arc Bathroom Faucet in Chrome,https://www.homedepot.com/p/MOEN-Adler-4-in-Centerset-Single-Handle-Low-Arc-Bathroom-Faucet-in-Chrome-WS84503/206884204,$
Carpet Economy 1sqft,1,12.​75 in x 0.​5 in Rectangular Triple 4 in.​ Economy Solid Vinyl Soffit -​ Non-​Ventilated,https://www.homedepot.com/p/Ply-Gem-12-75-in-x-0-5-in-Rectangular-Triple-4-in-Economy-Solid-Vinyl-Soffit-Non-Ventilated-EVS12N04H/202666272,$
Carpet Economy 1sqft,2,12.​75 in x 0.​5 in Rectangular Triple 4 in.​ Economy Solid Vinyl Soffit -​ Non-​Ventilated,https://www.homedepot.com/p/Ply-Gem-12-75-in-x-0-5-in-Rectangular-Triple-4-in-Economy-Solid-Vinyl-Soffit-Non-Ventilated-EVS12N04H/202666272,$
Carpet Economy 1sqft,3,11.​25 in.​ x 0.​5 in.​ Rectangular White Weather Resistant Vinyl Soffit Vent,https://www.homedepot.com/p/Ply-Gem-11-25-in-x-0-5-in-Rectangular-White-Weather-Resistant-Vinyl-Soffit-Vent-EVS12P04H/202666273,$
Bathroom Faucet Premium,1,Constructor 4 in.​ Centerset Double Handle Low-​Arc Bathroom Faucet in Brushed Nickel,https://www.homedepot.com/p/Glacier-Bay-Constructor-4-in-Centerset-Double-Handle-Low-Arc-Bathroom-Faucet-in-Brushed-Nickel-HD67499W-6404/309237979,$
Bathroom Faucet Premium,2,Constructor 4 in.​ Centerset Double Handle Low-​Arc Bathroom Faucet in Brushed Nickel,https://www.homedepot.com/p/Glacier-Bay-Constructor-4-in-Centerset-Double-Handle-Low-Arc-Bathroom-Faucet-in-Brushed-Nickel-HD67499W-6404/309237979,$
Bathroom Faucet Premium,3,2 Handles 8 in.​ Widespread Bathroom Faucet 3-​Hole Bathroom Sink Faucet in Brushed Nickel,https://www.homedepot.com/p/AKLFGN-2-Handles-8-in-Widespread-Bathroom-Faucet-3-Hole-Bathroom-Sink-Faucet-in-Brushed-Nickel-AKL-TPLT-1006-3/340678714,$
Carpet Standard 1sqft,1,Willow -​ Kirkdale -​ Beige Residential 18 x 18 in.​ Peel and Stick Carpet Tile Square (22.​5 sq.​ ft.​)​,https://www.homedepot.com/p/TrafficMaster-Willow-Kirkdale-Beige-Residential-18-x-18-in-Peel-and-Stick-Carpet-Tile-Square-22-5-sq-ft-HT004-815-1818/301317937,$
Carpet Standard 1sqft,2,Willow -​ Kirkdale -​ Beige Residential 18 x 18 in.​ Peel and Stick Carpet Tile Square (22.​5 sq.​ ft.​)​,https://www.homedepot.com/p/TrafficMaster-Willow-Kirkdale-Beige-Residential-18-x-18-in-Peel-and-Stick-Carpet-Tile-Square-22-5-sq-ft-HT004-815-1818/301317937,$
Carpet Standard 1sqft,3,Elite -​ Azure Knight -​ Blue Commercial/​Residential 12 in.​ x 36 in.​ Glue-​Down Carpet Tile Plank (Single)​ (1 sq.​ ft.​)​,https://www.homedepot.com/p/Mohawk-Elite-Azure-Knight-Blue-Commercial-Residential-12-in-x-36-in-Glue-Down-Carpet-Tile-Plank-Single-1-sq-ft-EB314-565/330639008,$
Carpet Premium 1sqft,1,Willow -​ Kirkdale -​ Beige Residential 18 x 18 in.​ Peel and Stick Carpet Tile Square (22.​5 sq.​ ft.​)​,https://www.homedepot.com/p/TrafficMaster-Willow-Kirkdale-Beige-Residential-18-x-18-in-Peel-and-Stick-Carpet-Tile-Square-22-5-sq-ft-HT004-815-1818/301317937,$
Carpet Premium 1sqft,2,Willow -​ Kirkdale -​ Beige Residential 18 x 18 in.​ Peel and Stick Carpet Tile Square (22.​5 sq.​ ft.​)​,https://www.homedepot.com/p/TrafficMaster-Willow-Kirkdale-Beige-Residential-18-x-18-in-Peel-and-Stick-Carpet-Tile-Square-22-5-sq-ft-HT004-815-1818/301317937,$
Carpet Premium 1sqft,3,7/​16 in.​ Thick Waterproof Premium Plus Carpet Cushion with Air Channels,https://www.homedepot.com/p/Lifeproof-7-16-in-Thick-Waterproof-Premium-Plus-Carpet-Cushion-with-Air-Channels-2000000820/312019782,98
Kitchen Faucet Economy,1,Clarus Single Handle Pull Down Sprayer Kitchen Faucet in Vibrant Stainless,https://www.homedepot.com/p/KOHLER-Clarus-Single-Handle-Pull-Down-Sprayer-Kitchen-Faucet-in-Vibrant-Stainless-R30935-VS/329116367,$
Kitchen Faucet Economy,2,Clarus Single Handle Pull Down Sprayer Kitchen Faucet in Vibrant Stainless,https://www.homedepot.com/p/KOHLER-Clarus-Single-Handle-Pull-Down-Sprayer-Kitchen-Faucet-in-Vibrant-Stainless-R30935-VS/329116367,$
Kitchen Faucet Economy,3,Fairbury 2S Single-​Handle Pull-​Down Sprayer Kitchen Faucet in Matte Black,https://www.homedepot.com/p/American-Standard-Fairbury-2S-Single-Handle-Pull-Down-Sprayer-Kitchen-Faucet-in-Matte-Black-7418300-243/313269548,$
Kitchen Faucet Standard,1,Foundations Single-​Handle Standard Kitchen Faucet in Chrome,https://www.homedepot.com/p/Delta-Foundations-Single-Handle-Standard-Kitchen-Faucet-in-Chrome-B1310LF/203124956,$
Kitchen Faucet Standard,2,Foundations Single-​Handle Standard Kitchen Faucet in Chrome,https://www.homedepot.com/p/Delta-Foundations-Single-Handle-Standard-Kitchen-Faucet-in-Chrome-B1310LF/203124956,$
Kitchen Faucet Standard,3,Constructor Double Handle Standard Kitchen Faucet in Chrome,https://www.homedepot.com/p/Glacier-Bay-Constructor-Double-Handle-Standard-Kitchen-Faucet-in-Chrome-HD67099-0B01/309237990,$
Carpet Pad Standard 1sqft,1,Classic Felt 8 ft.​ x 10 ft.​ Cushioned Hard Surface 1/​2 in.​ Thick Rug Pad,https://www.homedepot.com/p/RUGPADUSA-Classic-Felt-8-ft-x-10-ft-Cushioned-Hard-Surface-1-2-in-Thick-Rug-Pad-RPCF40-1941/330241615,Limit 5 per order
Carpet Pad Standard 1sqft,2,Classic Felt 8 ft.​ x 10 ft.​ Cushioned Hard Surface 1/​2 in.​ Thick Rug Pad,https://www.homedepot.com/p/RUGPADUSA-Classic-Felt-8-ft-x-10-ft-Cushioned-Hard-Surface-1-2-in-Thick-Rug-Pad-RPCF40-1941/330241615,Limit 5 per order
Carpet Pad Standard 1sqft,3,Classic Felt 8 ft.​ x 10 ft.​ Cushioned Hard Surface 1/​4 in.​ Thick Rug Pad,https://www.homedepot.com/p/RUGPADUSA-Classic-Felt-8-ft-x-10-ft-Cushioned-Hard-Surface-1-4-in-Thick-Rug-Pad-RPCF24-1941/330241217,Limit 5 per order
Kitchen Faucet Premium,1,Bolden Single Handle 18-​Inch Commercial Kitchen Faucet with Dual Function Pull Down Sprayhead in Stainless Steel,https://www.homedepot.com/p/KRAUS-Bolden-Single-Handle-18-Inch-Commercial-Kitchen-Faucet-with-Dual-Function-Pull-Down-Sprayhead-in-Stainless-Steel-KPF-1610SS/303385525,$
Kitchen Faucet Premium,2,Bolden Single Handle 18-​Inch Commercial Kitchen Faucet with Dual Function Pull Down Sprayhead in Stainless Steel,https://www.homedepot.com/p/KRAUS-Bolden-Single-Handle-18-Inch-Commercial-Kitchen-Faucet-with-Dual-Function-Pull-Down-Sprayhead-in-Stainless-Steel-KPF-1610SS/303385525,$
Kitchen Faucet Premium,3,Sous Single-​Handle Semi-​Professional Pull Down Kitchen Faucet with Sprayer in Vibrant Stainless Steel,https://www.homedepot.com/p/KOHLER-Sous-Single-Handle-Semi-Professional-Pull-Down-Kitchen-Faucet-with-Sprayer-in-Vibrant-Stainless-Steel-K-R10651-SD-VS/206086636,Limit 5 per order
Flooring Underlayment Roll 100sqft,1,100 sq.​ ft.​ 3 ft.​ x 33.​3 ft.​ x 3 mm Underlayment with Sound and Moisture Barrier for Hardwood and Floating Floors,https://www.homedepot.com/p/QuietWalk-100-sq-ft-3-ft-x-33-3-ft-x-3-mm-Underlayment-with-Sound-and-Moisture-Barrier-for-Hardwood-and-Floating-Floors-QW100PLUS/319128525,51
Flooring Underlayment Roll 100sqft,2,100 sq.​ ft.​ 3 ft.​ x 33.​3 ft.​ x 3 mm Underlayment with Sound and Moisture Barrier for Hardwood and Floating Floors,https://www.homedepot.com/p/QuietWalk-100-sq-ft-3-ft-x-33-3-ft-x-3-mm-Underlayment-with-Sound-and-Moisture-Barrier-for-Hardwood-and-Floating-Floors-QW100PLUS/319128525,51
Flooring Underlayment Roll 100sqft,3,FeltBuster 1000 sq.​ ft.​ Synthetic Roofing Underlayment Roll,https://www.homedepot.com/p/GAF-FeltBuster-1000-sq-ft-Synthetic-Roofing-Underlayment-Roll-0973/205035868,$
Ceramic Floor Tile 12x12,1,Glacier White 12 in.​ x 12 in.​ Ceramic Floor and Wall Tile (11 sq.​ ft.​ /​ case)​,https://www.homedepot.com/p/Daltile-Glacier-White-12-in-x-12-in-Ceramic-Floor-and-Wall-Tile-11-sq-ft-case-55001212HD1P2/202519403,99
Ceramic Floor Tile 12x12,2,Glacier White 12 in.​ x 12 in.​ Ceramic Floor and Wall Tile (11 sq.​ ft.​ /​ case)​,https://www.homedepot.com/p/Daltile-Glacier-White-12-in-x-12-in-Ceramic-Floor-and-Wall-Tile-11-sq-ft-case-55001212HD1P2/202519403,99
Ceramic Floor Tile 12x12,3,Baja White 12 in.​ x 12 in.​ Matte Ceramic Floor and Wall Tile (15 sq.​ ft.​ /​Case)​,https://www.homedepot.com/p/TrafficMaster-Baja-White-12-in-x-12-in-Matte-Ceramic-Floor-and-Wall-Tile-15-sq-ft-Case-NHDBAJWHI1212C/327497063,59
Porcelain Floor Tile 12x24,1,Alpe Ivory Matte 12 in.​ x 24 in.​ Quartzite Stone Look Porcelain Floor and Wall Tile (15.​50 sq.​ ft.​/​Case)​,https://www.homedepot.com/p/Corso-Italia-Alpe-Ivory-Matte-12-in-x-24-in-Quartzite-Stone-Look-Porcelain-Floor-and-Wall-Tile-15-50-sq-ft-Case-610010004701/317382635,$
Porcelain Floor Tile 12x24,2,Alpe Ivory Matte 12 in.​ x 24 in.​ Quartzite Stone Look Porcelain Floor and Wall Tile (15.​50 sq.​ ft.​/​Case)​,https://www.homedepot.com/p/Corso-Italia-Alpe-Ivory-Matte-12-in-x-24-in-Quartzite-Stone-Look-Porcelain-Floor-and-Wall-Tile-15-50-sq-ft-Case-610010004701/317382635,$
Porcelain Floor Tile 12x24,3,Metro Gris Gray Stone Look 12 in.​ x 24 in.​ Matte Porcelain Floor and Wall Tile (16 sq.​ ft.​/​Case)​,https://www.homedepot.com/p/MSI-Metro-Gris-Gray-Stone-Look-12-in-x-24-in-Matte-Porcelain-Floor-and-Wall-Tile-16-sq-ft-Case-NMETGRIS1224-N/203673201,$
Porcelain Floor Tile 24x24,1,Kolasus 24 in.​ x 24 in.​ Matte Porcelain Marble Look Floor and Wall Tile (16 sq.​ ft.​/​Case)​,https://www.homedepot.com/p/MSI-Kolasus-24-in-x-24-in-Matte-Porcelain-Marble-Look-Floor-and-Wall-Tile-16-sq-ft-Case-NHDKOLWHI2424/305849485,$
Porcelain Floor Tile 24x24,2,Kolasus 24 in.​ x 24 in.​ Matte Porcelain Marble Look Floor and Wall Tile (16 sq.​ ft.​/​Case)​,https://www.homedepot.com/p/MSI-Kolasus-24-in-x-24-in-Matte-Porcelain-Marble-Look-Floor-and-Wall-Tile-16-sq-ft-Case-NHDKOLWHI2424/305849485,$
Porcelain Floor Tile 24x24,3,White Calacatta Bianco 24 in.​ x 24 in.​ Polished Porcelain Marble Look Floor and Wall Tile (16 sq.​ ft.​/​Case)​,https://www.homedepot.com/p/MSI-White-Calacatta-Bianco-24-in-x-24-in-Polished-Porcelain-Marble-Look-Floor-and-Wall-Tile-16-sq-ft-Case-NHDWHICALB2424P/313897808,$
Subway Tile 3x6,1,Restore Bright White 3 in.​ x 6 in.​ Glossy Ceramic Subway Wall Tile (12.​5 sq.​ ft.​ /​case)​,https://www.homedepot.com/p/Daltile-Restore-Bright-White-3-in-x-6-in-Glossy-Ceramic-Subway-Wall-Tile-12-5-sq-ft-case-RE1536MODHD1P4/302575146,$
Subway Tile 3x6,2,Restore Bright White 3 in.​ x 6 in.​ Glossy Ceramic Subway Wall Tile (12.​5 sq.​ ft.​ /​case)​,https://www.homedepot.com/p/Daltile-Restore-Bright-White-3-in-x-6-in-Glossy-Ceramic-Subway-Wall-Tile-12-5-sq-ft-case-RE1536MODHD1P4/302575146,$
Subway Tile 3x6,3,Morning Fog 3 in.​ x 6 in.​ Glossy Ceramic Subway Wall Tile (1 sq.​ ft.​/​Case)​,https://www.homedepot.com/p/MSI-Morning-Fog-3-in-x-6-in-Glossy-Ceramic-Subway-Wall-Tile-1-sq-ft-Case-PT-MOFOG36/206551710,$
Ceramic Wall Tile 4x16,1,Restore 4 in.​ x 16 in.​ Ceramic Bright White Subway Tile (13.​20 sq.​ ft.​/​Case)​,https://www.homedepot.com/p/Daltile-Restore-4-in-x-16-in-Ceramic-Bright-White-Subway-Tile-13-20-sq-ft-Case-RE15416HD1P2/302571023,$
Ceramic Wall Tile 4x16,2,Restore 4 in.​ x 16 in.​ Ceramic Bright White Subway Tile (13.​20 sq.​ ft.​/​Case)​,https://www.homedepot.com/p/Daltile-Restore-4-in-x-16-in-Ceramic-Bright-White-Subway-Tile-13-20-sq-ft-Case-RE15416HD1P2/302571023,$
Ceramic Wall Tile 4x16,3,LuxeCraft White 4 in.​ x 16 in.​ Glazed Ceramic Subway Wall Tile (13.​2 sq.​ ft.​ /​Case)​,https://www.homedepot.com/p/Daltile-LuxeCraft-White-4-in-x-16-in-Glazed-Ceramic-Subway-Wall-Tile-13-2-sq-ft-Case-LC15RCT416UNDGL/330950889,$
Porcelain Wall Tile 12x24,1,Crystal Bianco White Stone Look 12 in.​ x 24 in.​ Polished Porcelain Floor and Wall Tile (16 sq.​ ft.​/​Case)​,https://www.homedepot.com/p/MSI-Crystal-Bianco-White-Stone-Look-12-in-x-24-in-Polished-Porcelain-Floor-and-Wall-Tile-16-sq-ft-Case-NHDCRYBIA1224P/313897806,$
Porcelain Wall Tile 12x24,2,Crystal Bianco White Stone Look 12 in.​ x 24 in.​ Polished Porcelain Floor and Wall Tile (16 sq.​ ft.​/​Case)​,https://www.homedepot.com/p/MSI-Crystal-Bianco-White-Stone-Look-12-in-x-24-in-Polished-Porcelain-Floor-and-Wall-Tile-16-sq-ft-Case-NHDCRYBIA1224P/313897806,$
Porcelain Wall Tile 12x24,3,Metro Gris Gray Stone Look 12 in.​ x 24 in.​ Matte Porcelain Floor and Wall Tile (16 sq.​ ft.​/​Case)​,https://www.homedepot.com/p/MSI-Metro-Gris-Gray-Stone-Look-12-in-x-24-in-Matte-Porcelain-Floor-and-Wall-Tile-16-sq-ft-Case-NMETGRIS1224-N/203673201,$
Mosaic Tile Sheet 12x12,1,Heritage Verde 12 in.​ x 12 in.​ Hand Clipped Joint Honed Marble Mosaic Floor and Wall Tile (1 sq.​ ft.​/​ Sheet)​,https://www.homedepot.com/p/Ivy-Hill-Tile-Heritage-Verde-12-in-x-12-in-Hand-Clipped-Joint-Honed-Marble-Mosaic-Floor-and-Wall-Tile-1-sq-ft-Sheet-EXT3RD110941/341066372,$
Mosaic Tile Sheet 12x12,2,Heritage Verde 12 in.​ x 12 in.​ Hand Clipped Joint Honed Marble Mosaic Floor and Wall Tile (1 sq.​ ft.​/​ Sheet)​,https://www.homedepot.com/p/Ivy-Hill-Tile-Heritage-Verde-12-in-x-12-in-Hand-Clipped-Joint-Honed-Marble-Mosaic-Floor-and-Wall-Tile-1-sq-ft-Sheet-EXT3RD110941/341066372,$
Mosaic Tile Sheet 12x12,3,Baroque Cream Mini Brick 12 in.​ x 12 in.​ Pearl Glass Mosaic Wall Tile (0.​95 sq.​ ft.​/​ Each)​,https://www.homedepot.com/p/Ivy-Hill-Tile-Baroque-Cream-Mini-Brick-12-in-x-12-in-Pearl-Glass-Mosaic-Wall-Tile-0-95-sq-ft-Each-EXT3RD102039/203061504,$
Tile Mortar 50lb Bag,1,VersaBond 50 lb.​ White Professional Polymer-​Modified Thinset Mortar,https://www.homedepot.com/p/Custom-Building-Products-VersaBond-50-lb-White-Professional-Polymer-Modified-Thinset-Mortar-MTSW50/100091767,$
Tile Mortar 50lb Bag,2,VersaBond 50 lb.​ White Professional Polymer-​Modified Thinset Mortar,https://www.homedepot.com/p/Custom-Building-Products-VersaBond-50-lb-White-Professional-Polymer-Modified-Thinset-Mortar-MTSW50/100091767,$
Tile Mortar 50lb Bag,3,CustomBlend 50 lb.​ Gray Economical Non-​Modified Thinset Mortar,https://www.homedepot.com/p/Custom-Building-Products-CustomBlend-50-lb-Gray-Economical-Non-Modified-Thinset-Mortar-CBTSG50/100166653,$
Tile Grout Sanded 10lb Bag,1,Polyblend HP #381 Bright White 10 lbs.​ High Performance Fine Aggregate Grout,https://www.homedepot.com/p/Custom-Building-Products-Polyblend-HP-381-Bright-White-10-lbs-High-Performance-Fine-Aggregate-Grout-PBHPG38110/341722237,$
Tile Grout Sanded 10lb Bag,2,Polyblend HP #381 Bright White 10 lbs.​ High Performance Fine Aggregate Grout,https://www.homedepot.com/p/Custom-Building-Products-Polyblend-HP-381-Bright-White-10-lbs-High-Performance-Fine-Aggregate-Grout-PBHPG38110/341722237,$
Tile Grout Sanded 10lb Bag,3,Polyblend Plus #381 Bright White 10 lb.​ Unsanded Grout,https://www.homedepot.com/p/Custom-Building-Products-Polyblend-Plus-381-Bright-White-10-lb-Unsanded-Grout-PBPG38110/313296538,$
Tile Grout Unsanded 10lb Bag,1,Polyblend Plus #11 Snow White 10 lb.​ Unsanded Grout,https://www.homedepot.com/p/Custom-Building-Products-Polyblend-Plus-11-Snow-White-10-lb-Unsanded-Grout-PBPG1110/313296536,$
Tile Grout Unsanded 10lb Bag,2,Polyblend Plus #11 Snow White 10 lb.​ Unsanded Grout,https://www.homedepot.com/p/Custom-Building-Products-Polyblend-Plus-11-Snow-White-10-lb-Unsanded-Grout-PBPG1110/313296536,$
Tile Grout Unsanded 10lb Bag,3,Polyblend Plus #382 Bone 10 lb.​ Unsanded Grout,https://www.homedepot.com/p/Custom-Building-Products-Polyblend-Plus-382-Bone-10-lb-Unsanded-Grout-PBPG38210/313296530,$
Tile Backer Board 3x5 1/2in,1,1/​2 in.​ x 32.​4 in.​ x 60 in.​ Tile Backer,https://www.homedepot.com/p/DensShield-1-2-in-x-32-4-in-x-60-in-Tile-Backer-008590/100322694,$
Tile Backer Board 3x5 1/2in,2,1/​2 in.​ x 32.​4 in.​ x 60 in.​ Tile Backer,https://www.homedepot.com/p/DensShield-1-2-in-x-32-4-in-x-60-in-Tile-Backer-008590/100322694,$
Tile Backer Board 3x5 1/2in,3,1/​2 in.​ x 3 ft.​ x 5 ft.​ Cement Board,https://www.homedepot.com/p/Permabase-1-2-in-x-3-ft-x-5-ft-Cement-Board-50000056/100320258,$
Dumpster Rental 10 Yard,1,"Dumpster in a Bag (Holds up to 3,300 lb.​)​",https://www.homedepot.com/p/WM-Bagster-Dumpster-in-a-Bag-Holds-up-to-3-300-lb-775-658/202228840,$
Dumpster Rental 10 Yard,2,"Dumpster in a Bag (Holds up to 3,300 lb.​)​",https://www.homedepot.com/p/WM-Bagster-Dumpster-in-a-Bag-Holds-up-to-3-300-lb-775-658/202228840,$
Dumpster Rental 10 Yard,3,Multipurpose Plastic 40 Yard Dumpster Liner Cover 6.​0 MIL (eq)​ Trash Bags Heavy Duty Tear Resistant HUGE-​75 x 75 x 540,https://www.homedepot.com/p/Aluf-Plastics-Multipurpose-Plastic-40-Yard-Dumpster-Liner-Cover-6-0-MIL-eq-Trash-Bags-Heavy-Duty-Tear-Resistant-HUGE-75-x-75-x-540-40-YARD-9-x-22-x10-BLACK-6M-EQ/341486007,$
Romex 12-2 Wire 250ft Roll,1,250 ft.​ 12/​2 Solid Romex SIMpull CU NM-​B W/​G Wire,https://www.homedepot.com/p/Southwire-250-ft-12-2-Solid-Romex-SIMpull-CU-NM-B-W-G-Wire-28828269/202019375,
Romex 12-2 Wire 250ft Roll,2,250 ft.​ 12/​2 Solid Romex SIMpull CU NM-​B W/​G Wire,https://www.homedepot.com/p/Southwire-250-ft-12-2-Solid-Romex-SIMpull-CU-NM-B-W-G-Wire-28828269/202019375,$
Romex 12-2 Wire 250ft Roll,3,250 ft.​ 12-​Gauge/​2-​Gauge Solid CU MC (Metal Clad)​ Armorlite Cable,https://www.homedepot.com/p/Southwire-250-ft-12-Gauge-2-Gauge-Solid-CU-MC-Metal-Clad-Armorlite-Cable-68580055/202316559,$
Romex 10-2 Wire 250ft Roll,1,250 ft.​ 10/​2 Solid Romex SIMpull CU NM-​B W/​G Wire,https://www.homedepot.com/p/Southwire-250-ft-10-2-Solid-Romex-SIMpull-CU-NM-B-W-G-Wire-28829055/202316274,$
Romex 10-2 Wire 250ft Roll,2,250 ft.​ 10/​2 Solid Romex SIMpull CU NM-​B W/​G Wire,https://www.homedepot.com/p/Southwire-250-ft-10-2-Solid-Romex-SIMpull-CU-NM-B-W-G-Wire-28829055/202316274,$
Romex 10-2 Wire 250ft Roll,3,250 ft.​ 10/​2 Gray Solid CU UF-​B W/​G Wire,https://www.homedepot.com/p/Southwire-250-ft-10-2-Gray-Solid-CU-UF-B-W-G-Wire-13056755/202316282,$
Toilet Standard,1,Reliant 12 in.​ Rough In 2-​Piece 1.​28 GPF Single Flush Round Toilet with Slow Close Seat in White,https://www.homedepot.com/p/American-Standard-Reliant-12-in-Rough-In-2-Piece-1-28-GPF-Single-Flush-Round-Toilet-with-Slow-Close-Seat-in-White-726DA101-020/330819708,$
Toilet Standard,2,Reliant 12 in.​ Rough In 2-​Piece 1.​28 GPF Single Flush Round Toilet with Slow Close Seat in White,https://www.homedepot.com/p/American-Standard-Reliant-12-in-Rough-In-2-Piece-1-28-GPF-Single-Flush-Round-Toilet-with-Slow-Close-Seat-in-White-726DA101-020/330819708,$
Toilet Standard,3,"12 in.​ Rough In 2-​Piece 1.​28 GPF Single Flush Round Toilet in White, Seat Included",https://www.homedepot.com/p/Glacier-Bay-12-in-Rough-In-2-Piece-1-28-GPF-Single-Flush-Round-Toilet-in-White-Seat-Included-N2428R-17/336961024,$
Toilet Premium,1,"Premium Elongated Smart Bidet Toilet 1.​28 GPF in White with Microgravity Seat, Hands-​Free, Foam Shield, Self-​Cleaning",https://www.homedepot.com/p/Casta-Diva-Premium-Elongated-Smart-Bidet-Toilet-1-28-GPF-in-White-with-Microgravity-Seat-Hands-Free-Foam-Shield-Self-Cleaning-CD-H030ULTRA/340127844,Limit 10 per order
Toilet Premium,2,"Premium Elongated Smart Bidet Toilet 1.​28 GPF in White with Microgravity Seat, Hands-​Free, Foam Shield, Self-​Cleaning",https://www.homedepot.com/p/Casta-Diva-Premium-Elongated-Smart-Bidet-Toilet-1-28-GPF-in-White-with-Microgravity-Seat-Hands-Free-Foam-Shield-Self-Cleaning-CD-H030ULTRA/340127844,Limit 10 per order
Toilet Premium,3,"Premium Hygiene Elongated Smart Bidet Toilet 1.​06 GPF in White with UVC Water Disinfection, ADA Height",https://www.homedepot.com/p/Casta-Diva-Premium-Hygiene-Elongated-Smart-Bidet-Toilet-1-06-GPF-in-White-with-UVC-Water-Disinfection-ADA-Height-AT500max/336826977,$
Bathroom Sink Economy,1,Aragon 19 in.​ Rectangular Vitreous China Bathroom Sink in White,https://www.homedepot.com/p/Glacier-Bay-Aragon-19-in-Rectangular-Vitreous-China-Bathroom-Sink-in-White-13-0010-ADA/100088528,$
Bathroom Sink Economy,2,Aragon 19 in.​ Rectangular Vitreous China Bathroom Sink in White,https://www.homedepot.com/p/Glacier-Bay-Aragon-19-in-Rectangular-Vitreous-China-Bathroom-Sink-in-White-13-0010-ADA/100088528,$
Bathroom Sink Economy,3,Pennington 20.​3 x 17.​5 Drop-​In Bathroom Sink in White Vitreous China with Overflow Drain,https://www.homedepot.com/p/KOHLER-Pennington-20-3-x-17-5-Drop-In-Bathroom-Sink-in-White-Vitreous-China-with-Overflow-Drain-K-R2196-4-0/204326078,$
Bathroom Sink Standard,1,Aragon 20 in.​ Drop-​In Oval Vitreous China Bathroom Sink in White,https://www.homedepot.com/p/Glacier-Bay-Aragon-20-in-Drop-In-Oval-Vitreous-China-Bathroom-Sink-in-White-13-0012-4WHD/100005263,$
Bathroom Sink Standard,2,Aragon 20 in.​ Drop-​In Oval Vitreous China Bathroom Sink in White,https://www.homedepot.com/p/Glacier-Bay-Aragon-20-in-Drop-In-Oval-Vitreous-China-Bathroom-Sink-in-White-13-0012-4WHD/100005263,$
Bathroom Sink Standard,3,23 in.​ x 19 in.​ White Vitreous China Rectangular Pedestal Bathroom Sink with 4 in.​ Centerset Faucet Holes and Overflow,https://www.homedepot.com/p/DEERVALLEY-23-in-x-19-in-White-Vitreous-China-Rectangular-Pedestal-Bathroom-Sink-with-4-in-Centerset-Faucet-Holes-and-Overflow-DV-1P522/322257399,$
Bathroom Sink Premium,1,Premium Clicker Drain with Overflow in Polished Chrome,https://www.homedepot.com/p/KOHLER-Premium-Clicker-Drain-with-Overflow-in-Polished-Chrome-K-RH1464524-CP/315695142,$
Bathroom Sink Premium,2,Premium Clicker Drain with Overflow in Polished Chrome,https://www.homedepot.com/p/KOHLER-Premium-Clicker-Drain-with-Overflow-in-Polished-Chrome-K-RH1464524-CP/315695142,$
Bathroom Sink Premium,3,Devonshire 8 in.​ Widespread 2-​Handle Low-​Arc Bathroom Faucet in Vibrant Polished Brass,https://www.homedepot.com/p/KOHLER-Devonshire-8-in-Widespread-2-Handle-Low-Arc-Bathroom-Faucet-in-Vibrant-Polished-Brass-K-394-4-PB/100000989,$
Shower Valve Economy,1,MultiChoice Universal Shower Valve Body Rough-​In Kit,https://www.homedepot.com/p/Delta-MultiChoice-Universal-Shower-Valve-Body-Rough-In-Kit-R10000-UNBXHF/204082131,$
Shower Valve Economy,2,MultiChoice Universal Shower Valve Body Rough-​In Kit,https://www.homedepot.com/p/Delta-MultiChoice-Universal-Shower-Valve-Body-Rough-In-Kit-R10000-UNBXHF/204082131,$
Shower Valve Economy,3,MultiChoice Universal Tub and Shower Valve Body Rough-​in Kit with Screwdriver Stops,https://www.homedepot.com/p/Delta-MultiChoice-Universal-Tub-and-Shower-Valve-Body-Rough-in-Kit-with-Screwdriver-Stops-R10000-UNWS/100449820,$
Shower Valve Standard,1,Brass Rough-​In Posi-​Temp Pressure-​Balancing Cycling Tub and Shower Valve 1/​2 in.​ IPS Connection,https://www.homedepot.com/p/MOEN-Brass-Rough-In-Posi-Temp-Pressure-Balancing-Cycling-Tub-and-Shower-Valve-1-2-in-IPS-Connection-82510/316606973,$
Shower Valve Standard,2,Brass Rough-​In Posi-​Temp Pressure-​Balancing Cycling Tub and Shower Valve 1/​2 in.​ IPS Connection,https://www.homedepot.com/p/MOEN-Brass-Rough-In-Posi-Temp-Pressure-Balancing-Cycling-Tub-and-Shower-Valve-1-2-in-IPS-Connection-82510/316606973,$
Shower Valve Standard,3,Flash Shower Rough-​In Valve with Universal Inlets/​Outlets,https://www.homedepot.com/p/American-Standard-Flash-Shower-Rough-In-Valve-with-Universal-Inlets-Outlets-RU101/309094261,$
Shower Valve Premium,1,MultiChoice Universal Tub and Shower Valve Body Rough-​in Kit with Screwdriver Stops,https://www.homedepot.com/p/Delta-MultiChoice-Universal-Tub-and-Shower-Valve-Body-Rough-in-Kit-with-Screwdriver-Stops-R10000-UNWS/100449820,$
Shower Valve Premium,2,MultiChoice Universal Tub and Shower Valve Body Rough-​in Kit with Screwdriver Stops,https://www.homedepot.com/p/Delta-MultiChoice-Universal-Tub-and-Shower-Valve-Body-Rough-in-Kit-with-Screwdriver-Stops-R10000-UNWS/100449820,$
Shower Valve Premium,3,MultiChoice Universal Shower Valve Body Rough-​In Kit,https://www.homedepot.com/p/Delta-MultiChoice-Universal-Shower-Valve-Body-Rough-In-Kit-R10000-UNBXHF/204082131,$
Showerhead Economy,1,6-​Spray Patterns 1.​75 GPM 4.​38 in.​ Wall Mount Fixed Shower Head in Spotshield Brushed Nickel,https://www.homedepot.com/p/Delta-6-Spray-Patterns-1-75-GPM-4-38-in-Wall-Mount-Fixed-Shower-Head-in-Spotshield-Brushed-Nickel-75641SN/301138548,$
Showerhead Economy,2,6-​Spray Patterns 1.​75 GPM 4.​38 in.​ Wall Mount Fixed Shower Head in Spotshield Brushed Nickel,https://www.homedepot.com/p/Delta-6-Spray-Patterns-1-75-GPM-4-38-in-Wall-Mount-Fixed-Shower-Head-in-Spotshield-Brushed-Nickel-75641SN/301138548,$
Showerhead Economy,3,7-​Spray Patterns 1.​75 GPM 3.​38 in.​ Wall Mount Handheld Shower Head in White,https://www.homedepot.com/p/Delta-7-Spray-Patterns-1-75-GPM-3-38-in-Wall-Mount-Handheld-Shower-Head-in-White-75701CWH/305622005,$
Showerhead Standard,1,Chatfield Single-​Handle 3-​Spray Shower Faucet in Brushed Nickel (Valve Included)​,https://www.homedepot.com/p/American-Standard-Chatfield-Single-Handle-3-Spray-Shower-Faucet-in-Brushed-Nickel-Valve-Included-7413501-295/304927906,$
Showerhead Standard,2,Chatfield Single-​Handle 3-​Spray Shower Faucet in Brushed Nickel (Valve Included)​,https://www.homedepot.com/p/American-Standard-Chatfield-Single-Handle-3-Spray-Shower-Faucet-in-Brushed-Nickel-Valve-Included-7413501-295/304927906,$
Showerhead Standard,3,Chatfield Single-​Handle 3-​Spray Tub and Shower Faucet with 1.​8 GPM in Brushed Nickel (Valve Included)​,https://www.homedepot.com/p/American-Standard-Chatfield-Single-Handle-3-Spray-Tub-and-Shower-Faucet-with-1-8-GPM-in-Brushed-Nickel-Valve-Included-7413508-295/305099380,$
Showerhead Premium,1,5-​Spray Patterns 1.​75 GPM 6 in.​ Wall Mount Fixed Shower Head in Chrome,https://www.homedepot.com/p/Delta-5-Spray-Patterns-1-75-GPM-6-in-Wall-Mount-Fixed-Shower-Head-in-Chrome-52535/323417080,$
Showerhead Premium,2,5-​Spray Patterns 1.​75 GPM 6 in.​ Wall Mount Fixed Shower Head in Chrome,https://www.homedepot.com/p/Delta-5-Spray-Patterns-1-75-GPM-6-in-Wall-Mount-Fixed-Shower-Head-in-Chrome-52535/323417080,$
Showerhead Premium,3,PivotPro ProClean 3-​in-​1 6-​Spray Wall Mount Dual Fixed and Handheld Shower Head 1.​75 GPM in Chrome,https://www.homedepot.com/p/Delta-PivotPro-ProClean-3-in-1-6-Spray-Wall-Mount-Dual-Fixed-and-Handheld-Shower-Head-1-75-GPM-in-Chrome-75646/337127965,$
Mini-Split 9000 BTU Economy,1,"Diamante Pro Low-​Ambient 1-​Zone 9,000 BTU 19 SEER2 Ductless Mini Split Inverter Heat Pump with 16 ft.​ Lines 110/​120V",https://www.homedepot.com/p/Pioneer-Diamante-Pro-Low-Ambient-1-Zone-9-000-BTU-19-SEER2-Ductless-Mini-Split-Inverter-Heat-Pump-with-16-ft-Lines-110-120V-WYT009ALSI20RL/336913526,$
Mini-Split 9000 BTU Economy,2,"Diamante Pro Low-​Ambient 1-​Zone 9,000 BTU 19 SEER2 Ductless Mini Split Inverter Heat Pump with 16 ft.​ Lines 110/​120V",https://www.homedepot.com/p/Pioneer-Diamante-Pro-Low-Ambient-1-Zone-9-000-BTU-19-SEER2-Ductless-Mini-Split-Inverter-Heat-Pump-with-16-ft-Lines-110-120V-WYT009ALSI20RL/336913526,$
Mini-Split 9000 BTU Economy,3,"Quantum Ultra Low-​Ambient 1-​Zone 9,000 BTU 24 SEER2 Ductless Mini Split Inverter Heat Pump with 16 ft.​ Lines 208V/​230V",https://www.homedepot.com/p/Pioneer-Quantum-Ultra-Low-Ambient-1-Zone-9-000-BTU-24-SEER2-Ductless-Mini-Split-Inverter-Heat-Pump-with-16-ft-Lines-208V-230V-WYT009GLSI24RL-16S/338500346,$
Mini-Split 12000 BTU Standard,1,DIY 5th Gen 12000 BTU 23.​5 SEER2 1-​Ton Mini-​Split Heat Pump Complete System-​25 ft.​ Pre-​Charged Line Set-​115-​Volt-​R454B,https://www.homedepot.com/p/MRCOOL-DIY-5th-Gen-12000-BTU-23-5-SEER2-1-Ton-Mini-Split-Heat-Pump-Complete-System-25-ft-Pre-Charged-Line-Set-115-Volt-R454B-DIY-12-HP-WM-115D25-O-CMB/335524254,Limit 10 per order
Mini-Split 12000 BTU Standard,2,DIY 5th Gen 12000 BTU 23.​5 SEER2 1-​Ton Mini-​Split Heat Pump Complete System-​25 ft.​ Pre-​Charged Line Set-​115-​Volt-​R454B,https://www.homedepot.com/p/MRCOOL-DIY-5th-Gen-12000-BTU-23-5-SEER2-1-Ton-Mini-Split-Heat-Pump-Complete-System-25-ft-Pre-Charged-Line-Set-115-Volt-R454B-DIY-12-HP-WM-115D25-O-CMB/335524254,Limit 10 per order
Mini-Split 12000 BTU Standard,3,"Advantage 5th Gen 12,000 BTU 1-​Ton 1-​Zone 21.​2 Seer2 Ductless Mini-​Split Complete System with 16 ft.​ Line-​115V-​R454B",https://www.homedepot.com/p/MRCOOL-Advantage-5th-Gen-12-000-BTU-1-Ton-1-Zone-21-2-Seer2-Ductless-Mini-Split-Complete-System-with-16-ft-Line-115V-R454B-A-12-HP-115D-O/335485785,$
Mini-Split 18000 BTU Premium,1,"Quantum Ultra 2-​Zone 18,000 BTU 24 Seer Ductless Wi-​Fi Enabled Mini Split Heat Pump with 16 ft.​ Lines",https://www.homedepot.com/p/Pioneer-Quantum-Ultra-2-Zone-18-000-BTU-24-Seer-Ductless-Wi-Fi-Enabled-Mini-Split-Heat-Pump-with-16-ft-Lines-WYT020GLSI24M2-9W16-9W16/338194652,$
Mini-Split 18000 BTU Premium,2,"Quantum Ultra 2-​Zone 18,000 BTU 24 Seer Ductless Wi-​Fi Enabled Mini Split Heat Pump with 16 ft.​ Lines",https://www.homedepot.com/p/Pioneer-Quantum-Ultra-2-Zone-18-000-BTU-24-Seer-Ductless-Wi-Fi-Enabled-Mini-Split-Heat-Pump-with-16-ft-Lines-WYT020GLSI24M2-9W16-9W16/338194652,$
Mini-Split 18000 BTU Premium,3,"DIY 5th Gen 18,000 BTU 1.​5 Ton 2 Zone 23.​9 SEER2 Ductless Mini Split AC and Heat Pump with 9K, 9K and 16,25ft Lines",https://www.homedepot.com/p/MRCOOL-DIY-5th-Gen-18-000-BTU-1-5-Ton-2-Zone-23-9-SEER2-Ductless-Mini-Split-AC-and-Heat-Pump-with-9K-9K-and-16-25ft-Lines-DIYM218HPW03D01/337862228,Limit 10 per order
Flex Duct 6in x 25ft,1,6 in.​ x 25 ft.​ Flexible Aluminum Foil Duct,https://www.homedepot.com/p/Everbilt-6-in-x-25-ft-Flexible-Aluminum-Foil-Duct-AF625ULPHD/203626487,$
Flex Duct 6in x 25ft,2,6 in.​ x 25 ft.​ Flexible Aluminum Foil Duct,https://www.homedepot.com/p/Everbilt-6-in-x-25-ft-Flexible-Aluminum-Foil-Duct-AF625ULPHD/203626487,$
Flex Duct 6in x 25ft,3,HVAC 6 in.​ x 25 ft.​ Insulated-​Flex Ducting Ventilation Duct Hose,https://www.homedepot.com/p/Rubber-Cal-HVAC-6-in-x-25-ft-Insulated-Flex-Ducting-Ventilation-Duct-Hose-01-194-6/313252703,$
Shower Drain Economy,1,Round No-​Caulk White PVC Shower Drain with 4-​1/​4 in.​ Round Snap-​In Stainless Steel Drain Cover,https://www.homedepot.com/p/Oatey-Round-No-Caulk-White-PVC-Shower-Drain-with-4-1-4-in-Round-Snap-In-Stainless-Steel-Drain-Cover-420992/100346664,$
Shower Drain Economy,2,Round No-​Caulk White PVC Shower Drain with 4-​1/​4 in.​ Round Snap-​In Stainless Steel Drain Cover,https://www.homedepot.com/p/Oatey-Round-No-Caulk-White-PVC-Shower-Drain-with-4-1-4-in-Round-Snap-In-Stainless-Steel-Drain-Cover-420992/100346664,$
Shower Drain Economy,3,Designline 4 in.​ x 4 in.​ Stainless Steel Square Shower Drain with Square Pattern Drain Cover,https://www.homedepot.com/p/Oatey-Designline-4-in-x-4-in-Stainless-Steel-Square-Shower-Drain-with-Square-Pattern-Drain-Cover-DSS2040R2/302775856,$
Shower Drain Linear Premium,1,Designline 24 in.​ Stainless Steel Linear Shower Drain with Square Pattern Drain Cover,https://www.homedepot.com/p/Oatey-Designline-24-in-Stainless-Steel-Linear-Shower-Drain-with-Square-Pattern-Drain-Cover-DLS2240R2/302775842,$
Shower Drain Linear Premium,2,Designline 24 in.​ Stainless Steel Linear Shower Drain with Square Pattern Drain Cover,https://www.homedepot.com/p/Oatey-Designline-24-in-Stainless-Steel-Linear-Shower-Drain-with-Square-Pattern-Drain-Cover-DLS2240R2/302775842,$
Shower Drain Linear Premium,3,Designline 24 in.​ Stainless Steel Linear Shower Drain with Tile-​In Pattern Drain Cover,https://www.homedepot.com/p/Oatey-Designline-24-in-Stainless-Steel-Linear-Shower-Drain-with-Tile-In-Pattern-Drain-Cover-DLS1240R2/302775841,$
Base Cabinet 12in Economy,1,Recessed Panel 12 in.​ W x 24 in.​ D x 34.​5 in.​ H Assembled Base Kitchen Cabinet in Unfinished,https://www.homedepot.com/p/Hampton-Bay-Recessed-Panel-12-in-W-x-24-in-D-x-34-5-in-H-Assembled-Base-Kitchen-Cabinet-in-Unfinished-KB12-UF/302970286,$
Base Cabinet 12in Economy,2,Recessed Panel 12 in.​ W x 24 in.​ D x 34.​5 in.​ H Assembled Base Kitchen Cabinet in Unfinished,https://www.homedepot.com/p/Hampton-Bay-Recessed-Panel-12-in-W-x-24-in-D-x-34-5-in-H-Assembled-Base-Kitchen-Cabinet-in-Unfinished-KB12-UF/302970286,$
Base Cabinet 12in Economy,3,Hampton 12 in.​ W x 24 in.​ D x 34.​5 in.​ H Assembled Base Kitchen Cabinet in Satin White,https://www.homedepot.com/p/Hampton-Bay-Hampton-12-in-W-x-24-in-D-x-34-5-in-H-Assembled-Base-Kitchen-Cabinet-in-Satin-White-KB12-SW/100541437,$
Base Cabinet 24in Economy,1,Recessed Panel 24 in.​ W x 24 in.​ D x 34.​5 in.​ H Assembled Base Kitchen Cabinet in Unfinished,https://www.homedepot.com/p/Hampton-Bay-Recessed-Panel-24-in-W-x-24-in-D-x-34-5-in-H-Assembled-Base-Kitchen-Cabinet-in-Unfinished-KB24-UF/302970315,$
Base Cabinet 24in Economy,2,Recessed Panel 24 in.​ W x 24 in.​ D x 34.​5 in.​ H Assembled Base Kitchen Cabinet in Unfinished,https://www.homedepot.com/p/Hampton-Bay-Recessed-Panel-24-in-W-x-24-in-D-x-34-5-in-H-Assembled-Base-Kitchen-Cabinet-in-Unfinished-KB24-UF/302970315,$
Base Cabinet 24in Economy,3,Recessed Panel 30 in.​ W x 24 in.​ D x 34.​5 in.​ H Assembled Base Kitchen Cabinet in Unfinished,https://www.homedepot.com/p/Hampton-Bay-Recessed-Panel-30-in-W-x-24-in-D-x-34-5-in-H-Assembled-Base-Kitchen-Cabinet-in-Unfinished-KB30-UF/302970323,$
Base Cabinet 36in Economy,1,Recessed Panel 36 in.​ W x 24 in.​ D x 34.​5 in.​ H Assembled Base Kitchen Cabinet in Unfinished,https://www.homedepot.com/p/Hampton-Bay-Recessed-Panel-36-in-W-x-24-in-D-x-34-5-in-H-Assembled-Base-Kitchen-Cabinet-in-Unfinished-KB36-UF/302970327,$
Base Cabinet 36in Economy,2,Recessed Panel 36 in.​ W x 24 in.​ D x 34.​5 in.​ H Assembled Base Kitchen Cabinet in Unfinished,https://www.homedepot.com/p/Hampton-Bay-Recessed-Panel-36-in-W-x-24-in-D-x-34-5-in-H-Assembled-Base-Kitchen-Cabinet-in-Unfinished-KB36-UF/302970327,$
Base Cabinet 36in Economy,3,Recessed Panel 36 in.​ W x 24 in.​ D x 34.​5 in.​ H Assembled Sink Base Kitchen Cabinet in Unfinished,https://www.homedepot.com/p/Hampton-Bay-Recessed-Panel-36-in-W-x-24-in-D-x-34-5-in-H-Assembled-Sink-Base-Kitchen-Cabinet-in-Unfinished-KSB36-UF/302970439,$
Base Cabinet 36in Standard,1,Recessed Panel 36 in.​ W x 24 in.​ D x 34.​5 in.​ H Assembled Base Kitchen Cabinet in Unfinished,https://www.homedepot.com/p/Hampton-Bay-Recessed-Panel-36-in-W-x-24-in-D-x-34-5-in-H-Assembled-Base-Kitchen-Cabinet-in-Unfinished-KB36-UF/302970327,$
Base Cabinet 36in Standard,2,Recessed Panel 36 in.​ W x 24 in.​ D x 34.​5 in.​ H Assembled Base Kitchen Cabinet in Unfinished,https://www.homedepot.com/p/Hampton-Bay-Recessed-Panel-36-in-W-x-24-in-D-x-34-5-in-H-Assembled-Base-Kitchen-Cabinet-in-Unfinished-KB36-UF/302970327,$
Base Cabinet 36in Standard,3,Recessed Panel 36 in.​ W x 24 in.​ D x 34.​5 in.​ H Assembled Sink Base Kitchen Cabinet in Unfinished,https://www.homedepot.com/p/Hampton-Bay-Recessed-Panel-36-in-W-x-24-in-D-x-34-5-in-H-Assembled-Sink-Base-Kitchen-Cabinet-in-Unfinished-KSB36-UF/302970439,$
Base Cabinet 36in Premium,1,Recessed Panel 36 in.​ W x 24 in.​ D x 34.​5 in.​ H Assembled Base Kitchen Cabinet in Unfinished,https://www.homedepot.com/p/Hampton-Bay-Recessed-Panel-36-in-W-x-24-in-D-x-34-5-in-H-Assembled-Base-Kitchen-Cabinet-in-Unfinished-KB36-UF/302970327,$
Base Cabinet 36in Premium,2,Recessed Panel 36 in.​ W x 24 in.​ D x 34.​5 in.​ H Assembled Base Kitchen Cabinet in Unfinished,https://www.homedepot.com/p/Hampton-Bay-Recessed-Panel-36-in-W-x-24-in-D-x-34-5-in-H-Assembled-Base-Kitchen-Cabinet-in-Unfinished-KB36-UF/302970327,$
Base Cabinet 36in Premium,3,Recessed Panel 36 in.​ W x 24 in.​ D x 34.​5 in.​ H Assembled Sink Base Kitchen Cabinet in Unfinished,https://www.homedepot.com/p/Hampton-Bay-Recessed-Panel-36-in-W-x-24-in-D-x-34-5-in-H-Assembled-Sink-Base-Kitchen-Cabinet-in-Unfinished-KSB36-UF/302970439,$
Wall Cabinet 30in Economy,1,Hampton 30 in.​ W x 12 in.​ D x 30 in.​ H Assembled Wall Kitchen Cabinet in Satin White,https://www.homedepot.com/p/Hampton-Bay-Hampton-30-in-W-x-12-in-D-x-30-in-H-Assembled-Wall-Kitchen-Cabinet-in-Satin-White-KW3030-SW/325134688,$
Wall Cabinet 30in Economy,2,Hampton 30 in.​ W x 12 in.​ D x 30 in.​ H Assembled Wall Kitchen Cabinet in Satin White,https://www.homedepot.com/p/Hampton-Bay-Hampton-30-in-W-x-12-in-D-x-30-in-H-Assembled-Wall-Kitchen-Cabinet-in-Satin-White-KW3030-SW/325134688,$
Wall Cabinet 30in Economy,3,Recessed Panel 30 in.​ W x 12 in.​ D x 30 in.​ H Assembled Wall Kitchen Cabinet in Unfinished,https://www.homedepot.com/p/Hampton-Bay-Recessed-Panel-30-in-W-x-12-in-D-x-30-in-H-Assembled-Wall-Kitchen-Cabinet-in-Unfinished-KW3030-UF/325134504,$
Wall Cabinet 30in Standard,1,Westfield Feather White Assembled Wall Kitchen Cabinet (30 in.​ W x 12 in.​ D x 30 in.​ H)​,https://www.homedepot.com/p/Hampton-Bay-Westfield-Feather-White-Assembled-Wall-Kitchen-Cabinet-30-in-W-x-12-in-D-x-30-in-H-F11W3030B/316354957,$
Wall Cabinet 30in Standard,2,Westfield Feather White Assembled Wall Kitchen Cabinet (30 in.​ W x 12 in.​ D x 30 in.​ H)​,https://www.homedepot.com/p/Hampton-Bay-Westfield-Feather-White-Assembled-Wall-Kitchen-Cabinet-30-in-W-x-12-in-D-x-30-in-H-F11W3030B/316354957,$
Wall Cabinet 30in Standard,3,Recessed Panel 30 in.​ W x 12 in.​ D x 30 in.​ H Assembled Wall Kitchen Cabinet in Unfinished,https://www.homedepot.com/p/Hampton-Bay-Recessed-Panel-30-in-W-x-12-in-D-x-30-in-H-Assembled-Wall-Kitchen-Cabinet-in-Unfinished-KW3030-UF/325134504,$
Wall Cabinet 30in Premium,1,Hampton 30 in.​ W x 12 in.​ D x 30 in.​ H Assembled Wall Kitchen Cabinet in Satin White,https://www.homedepot.com/p/Hampton-Bay-Hampton-30-in-W-x-12-in-D-x-30-in-H-Assembled-Wall-Kitchen-Cabinet-in-Satin-White-KW3030-SW/325134688,$
Wall Cabinet 30in Premium,2,Hampton 30 in.​ W x 12 in.​ D x 30 in.​ H Assembled Wall Kitchen Cabinet in Satin White,https://www.homedepot.com/p/Hampton-Bay-Hampton-30-in-W-x-12-in-D-x-30-in-H-Assembled-Wall-Kitchen-Cabinet-in-Satin-White-KW3030-SW/325134688,$
Wall Cabinet 30in Premium,3,Courtland 30 in.​ W x 12 in.​ D x 30 in.​ H Assembled Shaker Wall Kitchen Cabinet in Polar White,https://www.homedepot.com/p/Hampton-Bay-Courtland-30-in-W-x-12-in-D-x-30-in-H-Assembled-Shaker-Wall-Kitchen-Cabinet-in-Polar-White-W3030-CSW/314765402,$
Laminate Countertop per LF,1,Laminate Countertop,https://www.homedepot.com/p/Custom-Laminate-Countertop/310171055,Starting at
Laminate Countertop per LF,2,Laminate Countertop,https://www.homedepot.com/p/Custom-Laminate-Countertop/310171055,Starting at
Laminate Countertop per LF,3,8 ft.​ Straight Laminate Countertop All-​Inclusive Kit in Textured White Ice Granite with Eased Edge and Loose Backsplash,https://www.homedepot.com/p/Hampton-Bay-8-ft-Straight-Laminate-Countertop-All-Inclusive-Kit-in-Textured-White-Ice-Granite-with-Eased-Edge-and-Loose-Backsplash-12349KT08N9476/313540140,$
Quartz Countertop per sqft,1,Quartz Countertop,https://www.homedepot.com/p/Custom-Quartz-Countertop/310171064,Starting at
Quartz Countertop per sqft,2,Quartz Countertop,https://www.homedepot.com/p/Custom-Quartz-Countertop/310171064,Starting at
Quartz Countertop per sqft,3,Quartz Countertop Sample in New Carrara Marmi,https://www.homedepot.com/p/STONEMARK-Quartz-Countertop-Sample-in-New-Carrara-Marmi-P-QSL-NEWCARMI-4X4/316353953,$
Granite Countertop per sqft,1,Granite Countertop,https://www.homedepot.com/p/Custom-Granite-Countertop/310171053,Starting at
Granite Countertop per sqft,2,Granite Countertop,https://www.homedepot.com/p/Custom-Granite-Countertop/310171053,Starting at
Granite Countertop per sqft,3,Lux Rock Solid Surface Granite Countertop Kit -​ 40 sq.​ ft.​ -​ Platinum White,https://www.homedepot.com/p/DAICH-Lux-Rock-Solid-Surface-Granite-Countertop-Kit-40-sq-ft-Platinum-White-LX-SSGU-PL-40/320532029,$
Range Economy,1,30 in.​ 4-​Burner Elements Freestanding Electric Ranges in Stainless Steel with Extra-​Large Oven Window,https://www.homedepot.com/p/Amana-30-in-4-Burner-Elements-Freestanding-Electric-Ranges-in-Stainless-Steel-with-Extra-Large-Oven-Window-AER6303MMS/321998664,Limit 6 per order
Range Economy,2,30 in.​ 4-​Burner Elements Freestanding Electric Ranges in Stainless Steel with Extra-​Large Oven Window,https://www.homedepot.com/p/Amana-30-in-4-Burner-Elements-Freestanding-Electric-Ranges-in-Stainless-Steel-with-Extra-Large-Oven-Window-AER6303MMS/321998664,Limit 6 per order
Range Economy,3,30 in.​ 4 Burner Element Free-​Standing Electric Range in White,https://www.homedepot.com/p/GE-30-in-4-Burner-Element-Free-Standing-Electric-Range-in-White-JBS160DMWW/306258315,Limit 6 per order
Range Standard,1,30 in.​ 4 Burner Element Free-​Standing Electric Range in White,https://www.homedepot.com/p/GE-30-in-4-Burner-Element-Free-Standing-Electric-Range-in-White-JB256DMWW/306258612,Limit 6 per order
Range Standard,2,30 in.​ 4 Burner Element Free-​Standing Electric Range in White,https://www.homedepot.com/p/GE-30-in-4-Burner-Element-Free-Standing-Electric-Range-in-White-JB256DMWW/306258612,Limit 6 per order
Range Standard,3,30 in.​ 4-​Burner Elements Freestanding Electric Ranges in Stainless Steel with Extra-​Large Oven Window,https://www.homedepot.com/p/Amana-30-in-4-Burner-Elements-Freestanding-Electric-Ranges-in-Stainless-Steel-with-Extra-Large-Oven-Window-AER6303MMS/321998664,Limit 6 per order
Range Premium,1,"36 in.​ Haven Collection 6.​1 cu.​ ft.​ Electric Ceramic Glass Range, 5-​Burner Elements, Convection Oven, Stainless Steel",https://www.homedepot.com/p/Cosmo-36-in-Haven-Collection-6-1-cu-ft-Electric-Ceramic-Glass-Range-5-Burner-Elements-Convection-Oven-Stainless-Steel-COS-ERC365KBD/327640810,$
Range Premium,2,"36 in.​ Haven Collection 6.​1 cu.​ ft.​ Electric Ceramic Glass Range, 5-​Burner Elements, Convection Oven, Stainless Steel",https://www.homedepot.com/p/Cosmo-36-in-Haven-Collection-6-1-cu-ft-Electric-Ceramic-Glass-Range-5-Burner-Elements-Convection-Oven-Stainless-Steel-COS-ERC365KBD/327640810,$
Range Premium,3,"36 in.​ Haven Collection 6.​0 cu.​ ft.​ Gas Range, 6 Burners, Convection Oven, Knob LEDs, Storage Drawer, Stainless Steel",https://www.homedepot.com/p/Cosmo-36-in-Haven-Collection-6-0-cu-ft-Gas-Range-6-Burners-Convection-Oven-Knob-LEDs-Storage-Drawer-Stainless-Steel-COS-EPGR366/313785880,$
Dishwasher Economy,1,24 in.​ Front Control Smart Built-​In Tall Tub 62 dBA Dishwasher in Stainless Steel,https://www.homedepot.com/p/Frigidaire-24-in-Front-Control-Smart-Built-In-Tall-Tub-62-dBA-Dishwasher-in-Stainless-Steel-FDPC4221AS/314298606,Limit 6 per order
Dishwasher Economy,2,24 in.​ Front Control Smart Built-​In Tall Tub 62 dBA Dishwasher in Stainless Steel,https://www.homedepot.com/p/Frigidaire-24-in-Front-Control-Smart-Built-In-Tall-Tub-62-dBA-Dishwasher-in-Stainless-Steel-FDPC4221AS/314298606,Limit 6 per order
Dishwasher Economy,3,"24 in.​ Built-​In Tall Tub Front Control Stainless Steel Dishwasher with 58 dBA, ENERGY STAR",https://www.homedepot.com/p/GE-24-in-Built-In-Tall-Tub-Front-Control-Stainless-Steel-Dishwasher-with-58-dBA-ENERGY-STAR-GDF465PSZSS/343908362,Limit 6 per order
Dishwasher Standard,1,"24 in.​ Top Control Standard 46 dBA Dishwasher with QuadWash, 3rd Rack, Blastzone Bottle Wash in Stainless Steel",https://www.homedepot.com/p/LG-24-in-Top-Control-Standard-46-dBA-Dishwasher-with-QuadWash-3rd-Rack-Blastzone-Bottle-Wash-in-Stainless-Steel-LDNPQ44HS/336977312,Limit 6 per order
Dishwasher Standard,2,"24 in.​ Top Control Standard 46 dBA Dishwasher with QuadWash, 3rd Rack, Blastzone Bottle Wash in Stainless Steel",https://www.homedepot.com/p/LG-24-in-Top-Control-Standard-46-dBA-Dishwasher-with-QuadWash-3rd-Rack-Blastzone-Bottle-Wash-in-Stainless-Steel-LDNPQ44HS/336977312,Limit 6 per order
Dishwasher Standard,3,"24 in.​ Built-​In Tall Tub Front Control Stainless Steel Dishwasher with 58 dBA, ENERGY STAR",https://www.homedepot.com/p/GE-24-in-Built-In-Tall-Tub-Front-Control-Stainless-Steel-Dishwasher-with-58-dBA-ENERGY-STAR-GDF465PSZSS/343908362,Limit 6 per order
Dishwasher Premium,1,24 in.​ Premium Top Control 8-​Cycle Standard Built-​in Dishwasher with 3rd Rack in Stainless Steel,https://www.homedepot.com/p/VEZENI-24-in-Premium-Top-Control-8-Cycle-Standard-Built-in-Dishwasher-with-3rd-Rack-in-Stainless-Steel-VDS100-SS/339006485,$
Dishwasher Premium,2,24 in.​ Premium Top Control 8-​Cycle Standard Built-​in Dishwasher with 3rd Rack in Stainless Steel,https://www.homedepot.com/p/VEZENI-24-in-Premium-Top-Control-8-Cycle-Standard-Built-in-Dishwasher-with-3rd-Rack-in-Stainless-Steel-VDS100-SS/339006485,$
Dishwasher Premium,3,"24 in.​ Built-​In Tall Tub Dishwasher in Fingerprint Resistant Stainless Steel with Adjustable Rack, 53 dBA",https://www.homedepot.com/p/Samsung-24-in-Built-In-Tall-Tub-Dishwasher-in-Fingerprint-Resistant-Stainless-Steel-with-Adjustable-Rack-53-dBA-DW80CG4021SR/325532197,Limit 6 per order
Refrigerator Economy,1,7.​2 cu.​ ft.​ Top Freezer Refrigerator in Fingerprint Resistant Stainless Steel Look,https://www.homedepot.com/p/Vissani-7-2-cu-ft-Top-Freezer-Refrigerator-in-Fingerprint-Resistant-Stainless-Steel-Look-MDTF7SSES4/329404447,$
Refrigerator Economy,2,7.​2 cu.​ ft.​ Top Freezer Refrigerator in Fingerprint Resistant Stainless Steel Look,https://www.homedepot.com/p/Vissani-7-2-cu-ft-Top-Freezer-Refrigerator-in-Fingerprint-Resistant-Stainless-Steel-Look-MDTF7SSES4/329404447,$
Refrigerator Economy,3,"18 cu.​ ft.​ Top Freezer Refrigerator DOE in White, Garage Ready",https://www.homedepot.com/p/Vissani-18-cu-ft-Top-Freezer-Refrigerator-DOE-in-White-Garage-Ready-MDTF18WHR/317013047,Limit 100 per order
Refrigerator Standard,1,"27.​6 in.​ 14 cu.​ ft.​ Top Freezer Refrigerator in Fingerprint-​Resistant Stainless Look, ENERGY STAR",https://www.homedepot.com/p/Frigidaire-27-6-in-14-cu-ft-Top-Freezer-Refrigerator-in-Fingerprint-Resistant-Stainless-Look-ENERGY-STAR-FFHT1425VV/310378589,Limit 6 per order
Refrigerator Standard,2,"27.​6 in.​ 14 cu.​ ft.​ Top Freezer Refrigerator in Fingerprint-​Resistant Stainless Look, ENERGY STAR",https://www.homedepot.com/p/Frigidaire-27-6-in-14-cu-ft-Top-Freezer-Refrigerator-in-Fingerprint-Resistant-Stainless-Look-ENERGY-STAR-FFHT1425VV/310378589,Limit 6 per order
Refrigerator Standard,3,16.​6 cu.​ ft.​ Top Freezer Refrigerator in White,https://www.homedepot.com/p/GE-16-6-cu-ft-Top-Freezer-Refrigerator-in-White-GTS17DTNRWW/311067745,Limit 6 per order
Refrigerator Premium,1,36 in.​ 28 cu.​ ft.​ 3-​Door French Door Refrigerator w/​ Ice and Water Dispenser and Craft Ice in PrintProof Stainless Steel,https://www.homedepot.com/p/LG-36-in-28-cu-ft-3-Door-French-Door-Refrigerator-w-Ice-and-Water-Dispenser-and-Craft-Ice-in-PrintProof-Stainless-Steel-LHFS28XBS/325158253,Limit 6 per order
Refrigerator Premium,2,36 in.​ 28 cu.​ ft.​ 3-​Door French Door Refrigerator w/​ Ice and Water Dispenser and Craft Ice in PrintProof Stainless Steel,https://www.homedepot.com/p/LG-36-in-28-cu-ft-3-Door-French-Door-Refrigerator-w-Ice-and-Water-Dispenser-and-Craft-Ice-in-PrintProof-Stainless-Steel-LHFS28XBS/325158253,Limit 6 per order
Refrigerator Premium,3,24.​6 cu.​ ft.​ Side by Side Refrigerator in Fingerprint Resistant Stainless Finish,https://www.homedepot.com/p/Whirlpool-24-6-cu-ft-Side-by-Side-Refrigerator-in-Fingerprint-Resistant-Stainless-Finish-WRS325SDHZ/302785353,Limit 6 per order
Range Hood Economy,1,30 in.​ 900CFM Ducted Under Cabinet Range Hood in Stainless Steel with 3-​Way Venting Adjustable LED and Gesture Control,https://www.homedepot.com/p/Throes-30-in-900CFM-Ducted-Under-Cabinet-Range-Hood-in-Stainless-Steel-with-3-Way-Venting-Adjustable-LED-and-Gesture-Control-HDUD01-30/337077123,$
Range Hood Economy,2,30 in.​ 900CFM Ducted Under Cabinet Range Hood in Stainless Steel with 3-​Way Venting Adjustable LED and Gesture Control,https://www.homedepot.com/p/Throes-30-in-900CFM-Ducted-Under-Cabinet-Range-Hood-in-Stainless-Steel-with-3-Way-Venting-Adjustable-LED-and-Gesture-Control-HDUD01-30/337077123,$
Range Hood Economy,3,"30 in.​ Haven Collection 380 CFM Ducted Under Cabinet Range Hood, LED Lights, Touch Controls, Stainless Steel",https://www.homedepot.com/p/Cosmo-30-in-Haven-Collection-380-CFM-Ducted-Under-Cabinet-Range-Hood-LED-Lights-Touch-Controls-Stainless-Steel-UMC30/206686543,$
Range Hood Standard,1,RL6200 Series 30 in.​ Ductless Under Cabinet Range Hood with Light in Black,https://www.homedepot.com/p/Broan-NuTone-RL6200-Series-30-in-Ductless-Under-Cabinet-Range-Hood-with-Light-in-Black-RL6230BL/202802970,$
Range Hood Standard,2,RL6200 Series 30 in.​ Ductless Under Cabinet Range Hood with Light in Black,https://www.homedepot.com/p/Broan-NuTone-RL6200-Series-30-in-Ductless-Under-Cabinet-Range-Hood-with-Light-in-Black-RL6230BL/202802970,$
Range Hood Standard,3,"30 in.​ 400 CFM Ducted Under Cabinet Range Hood in Stainless Steel with 3-​Venting Option, Button and Long Term Warranty",https://www.homedepot.com/p/Throes-30-in-400-CFM-Ducted-Under-Cabinet-Range-Hood-in-Stainless-Steel-with-3-Venting-Option-Button-and-Long-Term-Warranty-HDC02-30-A/336988296,$
Range Hood Premium,1,"36 in.​ 870 CFM Wall Mount Ducted Range Hood with SS Filters, Digital Display, LED Lights and Remote in Stainless Steel",https://www.homedepot.com/p/JANSKA-36-in-870-CFM-Wall-Mount-Ducted-Range-Hood-with-SS-Filters-Digital-Display-LED-Lights-and-Remote-in-Stainless-Steel-RHW-3687/322054868,$
Range Hood Premium,2,"36 in.​ 870 CFM Wall Mount Ducted Range Hood with SS Filters, Digital Display, LED Lights and Remote in Stainless Steel",https://www.homedepot.com/p/JANSKA-36-in-870-CFM-Wall-Mount-Ducted-Range-Hood-with-SS-Filters-Digital-Display-LED-Lights-and-Remote-in-Stainless-Steel-RHW-3687/322054868,$
Range Hood Premium,3,"48 in.​ 900 CFM Ducted Under Cabinet Range Hood with Touch Display, LED Lights, and Permanent Filters in Stainless Steel",https://www.homedepot.com/p/JANSKA-48-in-900-CFM-Ducted-Under-Cabinet-Range-Hood-with-Touch-Display-LED-Lights-and-Permanent-Filters-in-Stainless-Steel-RHC-4892/320343646,$
Vanity 24in Economy,1,19 in.​ Single Sink White Freestanding Bath Vanity with White Cultured Marble Top (Assembled)​,https://www.homedepot.com/p/Glacier-Bay-19-in-Single-Sink-White-Freestanding-Bath-Vanity-with-White-Cultured-Marble-Top-Assembled-GB18P2-WH/203486514,$
Vanity 24in Economy,2,19 in.​ Single Sink White Freestanding Bath Vanity with White Cultured Marble Top (Assembled)​,https://www.homedepot.com/p/Glacier-Bay-19-in-Single-Sink-White-Freestanding-Bath-Vanity-with-White-Cultured-Marble-Top-Assembled-GB18P2-WH/203486514,$
Vanity 24in Economy,3,Wyndham 24 in.​ 2-​Door Bath Vanity Cabinet Only in White (Ready to Assemble)​,https://www.homedepot.com/p/Design-House-Wyndham-24-in-2-Door-Bath-Vanity-Cabinet-Only-in-White-Ready-to-Assemble-597138/313590866,Limit 5 per order
Vanity 36in Standard,1,Sonoma 36 in.​ Single Sink Freestanding Dark Charcoal Bath Vanity with Carrara Marble Top (Assembled)​,https://www.homedepot.com/p/Home-Decorators-Collection-Sonoma-36-in-Single-Sink-Freestanding-Dark-Charcoal-Bath-Vanity-with-Carrara-Marble-Top-Assembled-Sonoma-36DC/205866606,$
Vanity 36in Standard,2,Sonoma 36 in.​ Single Sink Freestanding Dark Charcoal Bath Vanity with Carrara Marble Top (Assembled)​,https://www.homedepot.com/p/Home-Decorators-Collection-Sonoma-36-in-Single-Sink-Freestanding-Dark-Charcoal-Bath-Vanity-with-Carrara-Marble-Top-Assembled-Sonoma-36DC/205866606,$
Vanity 36in Standard,3,Sonoma 36 in.​ Single Sink Freestanding White Bath Vanity with Carrara Marble Top (Assembled)​,https://www.homedepot.com/p/Home-Decorators-Collection-Sonoma-36-in-Single-Sink-Freestanding-White-Bath-Vanity-with-Carrara-Marble-Top-Assembled-Sonoma-36W/205866619,Limit 10 per order
Vanity 48in Premium,1,Sonoma 48 in.​ Single Sink Freestanding White Bath Vanity with Carrara Marble Top (Assembled)​,https://www.homedepot.com/p/Home-Decorators-Collection-Sonoma-48-in-Single-Sink-Freestanding-White-Bath-Vanity-with-Carrara-Marble-Top-Assembled-Sonoma-48W/303826389,Limit 20 per order
Vanity 48in Premium,2,Sonoma 48 in.​ Single Sink Freestanding White Bath Vanity with Carrara Marble Top (Assembled)​,https://www.homedepot.com/p/Home-Decorators-Collection-Sonoma-48-in-Single-Sink-Freestanding-White-Bath-Vanity-with-Carrara-Marble-Top-Assembled-Sonoma-48W/303826389,Limit 20 per order
Vanity 48in Premium,3,Everdean 49 in.​ Single Sink White Freestanding Bath Vanity with White Cultured Marble Top (Assembled)​,https://www.homedepot.com/p/Glacier-Bay-Everdean-49-in-Single-Sink-White-Freestanding-Bath-Vanity-with-White-Cultured-Marble-Top-Assembled-EV48P2-WH/311606069,$
Vanity 60in Double Premium,1,Doveton 60 in.​ Double Sink Freestanding White Bath Vanity with White Engineered Marble Top (Assembled)​,https://www.homedepot.com/p/Home-Decorators-Collection-Doveton-60-in-Double-Sink-Freestanding-White-Bath-Vanity-with-White-Engineered-Marble-Top-Assembled-Doveton-60W/321491137,$
Vanity 60in Double Premium,2,Doveton 60 in.​ Double Sink Freestanding White Bath Vanity with White Engineered Marble Top (Assembled)​,https://www.homedepot.com/p/Home-Decorators-Collection-Doveton-60-in-Double-Sink-Freestanding-White-Bath-Vanity-with-White-Engineered-Marble-Top-Assembled-Doveton-60W/321491137,$
Vanity 60in Double Premium,3,Cambridge 60 in.​ Double Sink Freestanding Bathroom Vanity in Oak with Pure White Quartz Top,https://www.homedepot.com/p/ARIEL-Cambridge-60-in-Double-Sink-Freestanding-Bathroom-Vanity-in-Oak-with-Pure-White-Quartz-Top-A061DWQRVOWOA/332509115,$
Towel Bar 24in Economy,1,Futura 24 in.​ Wall Mount Towel Bar Bath Hardware Accessory in Polished Chrome,https://www.homedepot.com/p/Franklin-Brass-Futura-24-in-Wall-Mount-Towel-Bar-Bath-Hardware-Accessory-in-Polished-Chrome-D2424PC/100388815,$
Towel Bar 24in Economy,2,Futura 24 in.​ Wall Mount Towel Bar Bath Hardware Accessory in Polished Chrome,https://www.homedepot.com/p/Franklin-Brass-Futura-24-in-Wall-Mount-Towel-Bar-Bath-Hardware-Accessory-in-Polished-Chrome-D2424PC/100388815,$
Towel Bar 24in Economy,3,Contemporary 24 in.​ Towel Bar in Chrome,https://www.homedepot.com/p/MOEN-Contemporary-24-in-Towel-Bar-in-Chrome-2224/203993383,$
Towel Bar 24in Standard,1,24 in.​ Wall mount Towel Bar in Stainless Steel Brushed Silver,https://www.homedepot.com/p/ruiling-24-in-Wall-mount-Towel-Bar-in-Stainless-Steel-Brushed-Silver-ATK-191/314842502,$
Towel Bar 24in Standard,2,24 in.​ Wall mount Towel Bar in Stainless Steel Brushed Silver,https://www.homedepot.com/p/ruiling-24-in-Wall-mount-Towel-Bar-in-Stainless-Steel-Brushed-Silver-ATK-191/314842502,$
Towel Bar 24in Standard,3,Contemporary 24 in.​ Towel Bar in Chrome,https://www.homedepot.com/p/MOEN-Contemporary-24-in-Towel-Bar-in-Chrome-2224/203993383,$
Toilet Paper Holder Economy,1,Contemporary Toilet Paper Holder in Chrome,https://www.homedepot.com/p/MOEN-Contemporary-Toilet-Paper-Holder-in-Chrome-P5050/203933036,$
Toilet Paper Holder Economy,2,Contemporary Toilet Paper Holder in Chrome,https://www.homedepot.com/p/MOEN-Contemporary-Toilet-Paper-Holder-in-Chrome-P5050/203933036,$
Toilet Paper Holder Economy,3,Constructor Single Post Toilet Paper Holder in Chrome,https://www.homedepot.com/p/Glacier-Bay-Constructor-Single-Post-Toilet-Paper-Holder-in-Chrome-20118-2001/204804715,$
Toilet Paper Holder Standard,1,Contemporary Toilet Paper Holder in Chrome,https://www.homedepot.com/p/MOEN-Contemporary-Toilet-Paper-Holder-in-Chrome-P5050/203933036,$
Toilet Paper Holder Standard,2,Contemporary Toilet Paper Holder in Chrome,https://www.homedepot.com/p/MOEN-Contemporary-Toilet-Paper-Holder-in-Chrome-P5050/203933036,$
Toilet Paper Holder Standard,3,Esato Wall Mount Spring-​Loaded Toilet Paper Holder Bath Hardware Accessory in Matte Black,https://www.homedepot.com/p/Delta-Esato-Wall-Mount-Spring-Loaded-Toilet-Paper-Holder-Bath-Hardware-Accessory-in-Matte-Black-ESA50-MB/320696053,$
Mirror 24x36 Economy,1,24 in.​ W x 36 in.​ H Rectangular Framed Wall Bathroom Vanity Mirror in Brushed Nickel,https://www.homedepot.com/p/24-in-W-x-36-in-H-Rectangular-Framed-Wall-Bathroom-Vanity-Mirror-in-Brushed-Nickel-SM-2436BN/327591224,$
Mirror 24x36 Economy,2,24 in.​ W x 36 in.​ H Rectangular Framed Wall Bathroom Vanity Mirror in Brushed Nickel,https://www.homedepot.com/p/24-in-W-x-36-in-H-Rectangular-Framed-Wall-Bathroom-Vanity-Mirror-in-Brushed-Nickel-SM-2436BN/327591224,$
Mirror 24x36 Economy,3,24 in.​ W x 36 in.​ H Rectangular Framed Wall Bathroom Vanity Mirror in Matte Black,https://www.homedepot.com/p/niveal-24-in-W-x-36-in-H-Rectangular-Framed-Wall-Bathroom-Vanity-Mirror-in-Matte-Black-SM-2436MB/321270572,$
Mirror 36x48 Standard,1,72 in.​ W x 36 in.​ H Rectangular Frameless LED Lighted Bathroom Vanity Mirror with Light with Backlit and Anti-​Fog,https://www.homedepot.com/p/KeonJinn-72-in-W-x-36-in-H-Rectangular-Frameless-LED-Lighted-Bathroom-Vanity-Mirror-with-Light-with-Backlit-and-Anti-Fog-HD-ZBG2-18291F/331082939,$
Mirror 36x48 Standard,2,72 in.​ W x 36 in.​ H Rectangular Frameless LED Lighted Bathroom Vanity Mirror with Light with Backlit and Anti-​Fog,https://www.homedepot.com/p/KeonJinn-72-in-W-x-36-in-H-Rectangular-Frameless-LED-Lighted-Bathroom-Vanity-Mirror-with-Light-with-Backlit-and-Anti-Fog-HD-ZBG2-18291F/331082939,$
Mirror 36x48 Standard,3,36 in.​ W x 48 in.​ H Rectangular Frameless Polished Edge Wall Bathroom Vanity Mirror in Silver,https://www.homedepot.com/p/Glacier-Bay-36-in-W-x-48-in-H-Rectangular-Frameless-Polished-Edge-Wall-Bathroom-Vanity-Mirror-in-Silver-81180/316331995,$
Medicine Cabinet 24x30 Premium,1,24 in.​ W x 30 in.​ H Rectangular Medicine Cabinet with Mirror,https://www.homedepot.com/p/24-in-W-x-30-in-H-Rectangular-Medicine-Cabinet-with-Mirror-SP4582/202588065,$
Medicine Cabinet 24x30 Premium,2,24 in.​ W x 30 in.​ H Rectangular Medicine Cabinet with Mirror,https://www.homedepot.com/p/24-in-W-x-30-in-H-Rectangular-Medicine-Cabinet-with-Mirror-SP4582/202588065,$
Medicine Cabinet 24x30 Premium,3,24 in.​ W x 30 in.​ H Rectangular Silver Aluminum Recessed/​Surface Mount Right Medicine Cabinet with Mirror and LED Light,https://www.homedepot.com/p/ExBrite-24-in-W-x-30-in-H-Rectangular-Silver-Aluminum-Recessed-Surface-Mount-Right-Medicine-Cabinet-with-Mirror-and-LED-Light-HOY1DHMC2430R/319830471,$
